"지역별(1)","지역별(2)","지역별(3)",상품군별(1),상품군별(2),판매유형별(1),2020.1/4,2020.2/4,2020.3/4,2020.4/4,2021.1/4,2021.2/4,2021.3/4,2021.4/4,2022.1/4,2022.2/4,2022.3/4,2022.4/4,2023.1/4,2023.2/4,2023.3/4,2023.4/4,2024.1/4 p)
"합계","소계","소계",합계,소계,계,1531212,1290332,1656729,1525174,1208052,1224244,1042774,932840,575319,505011,421606,353963,291336,481202,452744,471927,399086
"합계","소계","소계",합계,소계,면세점,1297490,1051987,1410967,1247495,972384,974415,795824,681168,363520,300602,211727,152997,111187,281235,271525,280391,239885
"합계","소계","소계",합계,소계,면세점 이외,233722,238345,245762,277679,235668,249829,246950,251672,211799,204409,209879,200966,180149,199967,181219,191536,159201
"합계","소계","소계",컴퓨터 및 주변기기,소계,계,4142,3814,7722,3589,4274,4622,3805,3174,2943,3288,2944,3195,4044,3205,4260,3769,2729
"합계","소계","소계",컴퓨터 및 주변기기,소계,면세점,113,0,3497,0,0,0,0,0,0,0,0,0,0,0,0,0,0
"합계","소계","소계",컴퓨터 및 주변기기,소계,면세점 이외,4029,3814,4225,3589,4274,4622,3805,3174,2943,3288,2944,3195,4044,3205,4260,3769,2729
"합계","소계","소계",가전·전자·통신기기,소계,계,12866,14052,14965,13136,10929,17682,13503,9246,48922,5594,6059,5258,5223,8717,6149,6788,6661
"합계","소계","소계",가전·전자·통신기기,소계,면세점,4999,5108,4777,5538,4171,10737,6695,4933,45424,2195,1316,781,334,1949,1569,2032,2673
"합계","소계","소계",가전·전자·통신기기,소계,면세점 이외,7867,8944,10188,7598,6758,6945,6808,4313,3498,3399,4743,4477,4889,6768,4580,4756,3988
"합계","소계","소계",가전·전자·통신기기,가전·전자,계,-,-,-,-,-,-,-,-,-,-,-,-,4004,5150,5508,6316,5844
"합계","소계","소계",가전·전자·통신기기,가전·전자,면세점,-,-,-,-,-,-,-,-,-,-,-,-,326,1804,1298,1842,2495
"합계","소계","소계",가전·전자·통신기기,가전·전자,면세점 이외,-,-,-,-,-,-,-,-,-,-,-,-,3678,3346,4210,4474,3349
"합계","소계","소계",가전·전자·통신기기,통신기기,계,-,-,-,-,-,-,-,-,-,-,-,-,1219,3567,641,472,817
"합계","소계","소계",가전·전자·통신기기,통신기기,면세점,-,-,-,-,-,-,-,-,-,-,-,-,8,145,271,190,178
"합계","소계","소계",가전·전자·통신기기,통신기기,면세점 이외,-,-,-,-,-,-,-,-,-,-,-,-,1211,3422,370,282,639
"합계","소계","소계",소프트웨어,소계,계,183,230,258,400,214,226,2381,583,88,50,2755,268,430,48,55,238,83
"합계","소계","소계",소프트웨어,소계,면세점,0,0,0,0,0,0,0,0,0,0,0,0,0,0,0,0,0
"합계","소계","소계",소프트웨어,소계,면세점 이외,183,230,258,400,214,226,2381,583,88,50,2755,268,430,48,55,238,83
"합계","소계","소계",서 적,소계,계,6730,6760,6775,7121,9215,7570,7469,7946,6063,7311,6626,3082,3431,2868,3176,5520,2718
"합계","소계","소계",서 적,소계,면세점,0,0,0,0,0,0,0,0,0,0,0,0,0,0,0,0,0
"합계","소계","소계",서 적,소계,면세점 이외,6730,6760,6775,7121,9215,7570,7469,7946,6063,7311,6626,3082,3431,2868,3176,5520,2718
"합계","소계","소계",사무·문구,소계,계,1622,1461,1407,1357,3153,1696,3104,1463,2056,3472,1484,3022,1514,1122,1633,3451,1639
"합계","소계","소계",사무·문구,소계,면세점,0,0,1,0,0,0,72,16,1,0,2,63,45,31,58,72,141
"합계","소계","소계",사무·문구,소계,면세점 이외,1622,1461,1406,1357,3153,1696,3032,1447,2055,3472,1482,2959,1469,1091,1575,3379,1498
"합계","소계","소계",음반·비디오·악기,소계,계,33208,45802,57462,77371,45260,49347,39862,42839,33575,50316,44571,39711,35039,60196,43216,43294,18091
"합계","소계","소계",음반·비디오·악기,소계,면세점,0,0,0,0,0,0,0,0,0,0,0,0,0,0,0,0,0
"합계","소계","소계",음반·비디오·악기,소계,면세점 이외,33208,45802,57462,77371,45260,49347,39862,42839,33575,50316,44571,39711,35039,60196,43216,43294,18091
"합계","소계","소계",의류 및 패션 관련 상품,소계,계,88543,90629,87230,100095,82098,90524,89863,102758,73950,64783,60268,76530,54227,63588,63104,77582,77136
"합계","소계","소계",의류 및 패션 관련 상품,소계,면세점,26073,1058,3026,8033,6190,4854,9182,7883,2497,2876,2279,3757,3268,13393,15526,17498,21762
"합계","소계","소계",의류 및 패션 관련 상품,소계,면세점 이외,62470,91687,84204,92062,75908,85670,80681,94875,71453,61907,57989,72773,50959,50195,47578,60084,55374
"합계","소계","소계",스포츠·레저용품,소계,계,4136,5294,5239,6382,4112,3641,4823,3663,2939,2008,2728,3968,2882,1870,2562,2501,1807
"합계","소계","소계",스포츠·레저용품,소계,면세점,0,0,0,0,0,0,0,0,0,0,0,0,0,3,3,3,7
"합계","소계","소계",스포츠·레저용품,소계,면세점 이외,4136,5294,5239,6382,4112,3641,4823,3663,2939,2008,2728,3968,2882,1867,2559,2498,1800
"합계","소계","소계",화장품,소계,계,1314819,1083409,1437689,1272709,999351,996421,827389,716649,362555,332023,243485,184917,150216,305078,296210,292494,247133
"합계","소계","소계",화장품,소계,면세점,1262739,1046875,1399059,1233379,960980,956964,779433,667209,315133,294407,206560,146743,105717,263499,251704,255135,206966
"합계","소계","소계",화장품,소계,면세점 이외,52080,36534,38630,39330,38371,39457,47956,49440,47422,37616,36925,38174,44499,41579,44506,37359,40167
"합계","소계","소계",아동·유아용품,소계,계,4257,4277,4868,4975,5484,5350,5710,4320,3086,3698,2807,2591,1970,2192,2158,1911,1957
"합계","소계","소계",아동·유아용품,소계,면세점,32,1,1,0,0,0,0,27,0,1,0,2,7,12,34,29,41
"합계","소계","소계",아동·유아용품,소계,면세점 이외,4225,4278,4869,4975,5484,5350,5710,4293,3086,3697,2807,2589,1963,2180,2124,1882,1916
"합계","소계","소계",음·식료품,소계,계,15454,3534,3132,3581,6151,7538,6133,7659,6227,6991,6535,5619,7573,6980,6606,10062,12638
"합계","소계","소계",음·식료품,소계,면세점,3444,1066,607,545,1043,1858,442,1100,464,1123,1570,1647,1810,2329,2543,5549,8233
"합계","소계","소계",음·식료품,소계,면세점 이외,12010,2468,2525,3036,5108,5680,5691,6559,5763,5868,4965,3972,5763,4651,4063,4513,4405
"합계","소계","소계",농축수산물,소계,계,32,40,41,37,31,25,25,16,28,23,12,9,12,11,5,11,8
"합계","소계","소계",농축수산물,소계,면세점,0,0,0,0,0,0,0,0,0,0,0,0,0,0,0,0,0
"합계","소계","소계",농축수산물,소계,면세점 이외,32,40,41,37,31,25,25,16,28,23,12,9,12,11,5,11,8
"합계","소계","소계",생활·자동차용품,소계,계,10438,9659,8340,8207,8220,9471,8930,7643,3693,3061,4840,5317,4804,4331,5168,6147,5703
"합계","소계","소계",생활·자동차용품,소계,면세점,51,3,1,0,0,0,0,0,1,0,0,4,6,18,69,23,34
"합계","소계","소계",생활·자동차용품,소계,면세점 이외,10387,9662,8339,8207,8220,9471,8930,7643,3692,3061,4840,5313,4798,4313,5099,6124,5669
"합계","소계","소계",기 타,소계,계,34782,21371,21601,26214,29561,30128,29778,24883,29194,22393,36493,20473,19971,20996,18442,18159,20783
"합계","소계","소계",기 타,소계,면세점,39,0,0,0,0,2,0,0,0,0,0,0,0,1,19,50,28
"합계","소계","소계",기 타,소계,면세점 이외,34743,21371,21601,26214,29561,30126,29778,24883,29194,22393,36493,20473,19971,20995,18423,18109,20755
"아시아","소계","소계",합계,소계,계,-,-,-,-,-,-,-,-,-,-,-,-,230084,405382,370147,386209,330935
"아시아","소계","소계",합계,소계,면세점,-,-,-,-,-,-,-,-,-,-,-,-,110844,280634,270235,278578,239129
"아시아","소계","소계",합계,소계,면세점 이외,-,-,-,-,-,-,-,-,-,-,-,-,119240,124748,99912,107631,91806
"아시아","소계","소계",컴퓨터 및 주변기기,소계,계,-,-,-,-,-,-,-,-,-,-,-,-,343,482,1623,1019,211
"아시아","소계","소계",컴퓨터 및 주변기기,소계,면세점,-,-,-,-,-,-,-,-,-,-,-,-,0,0,0,0,0
"아시아","소계","소계",컴퓨터 및 주변기기,소계,면세점 이외,-,-,-,-,-,-,-,-,-,-,-,-,343,482,1623,1019,211
"아시아","소계","소계",가전·전자·통신기기,소계,계,-,-,-,-,-,-,-,-,-,-,-,-,3842,7241,5196,5292,4677
"아시아","소계","소계",가전·전자·통신기기,소계,면세점,-,-,-,-,-,-,-,-,-,-,-,-,321,1933,1534,1978,2649
"아시아","소계","소계",가전·전자·통신기기,소계,면세점 이외,-,-,-,-,-,-,-,-,-,-,-,-,3521,5308,3662,3314,2028
"아시아","소계","소계",가전·전자·통신기기,가전·전자,계,-,-,-,-,-,-,-,-,-,-,-,-,2840,3929,4746,5020,4429
"아시아","소계","소계",가전·전자·통신기기,가전·전자,면세점,-,-,-,-,-,-,-,-,-,-,-,-,319,1788,1277,1788,2473
"아시아","소계","소계",가전·전자·통신기기,가전·전자,면세점 이외,-,-,-,-,-,-,-,-,-,-,-,-,2521,2141,3469,3232,1956
"아시아","소계","소계",가전·전자·통신기기,통신기기,계,-,-,-,-,-,-,-,-,-,-,-,-,1002,3312,450,272,248
"아시아","소계","소계",가전·전자·통신기기,통신기기,면세점,-,-,-,-,-,-,-,-,-,-,-,-,2,145,257,190,176
"아시아","소계","소계",가전·전자·통신기기,통신기기,면세점 이외,-,-,-,-,-,-,-,-,-,-,-,-,1000,3167,193,82,72
"아시아","소계","소계",소프트웨어,소계,계,-,-,-,-,-,-,-,-,-,-,-,-,172,0,0,0,0
"아시아","소계","소계",소프트웨어,소계,면세점,-,-,-,-,-,-,-,-,-,-,-,-,0,0,0,0,0
"아시아","소계","소계",소프트웨어,소계,면세점 이외,-,-,-,-,-,-,-,-,-,-,-,-,172,0,0,0,0
"아시아","소계","소계",서 적,소계,계,-,-,-,-,-,-,-,-,-,-,-,-,1602,1432,1397,3132,1152
"아시아","소계","소계",서 적,소계,면세점,-,-,-,-,-,-,-,-,-,-,-,-,0,0,0,0,0
"아시아","소계","소계",서 적,소계,면세점 이외,-,-,-,-,-,-,-,-,-,-,-,-,1602,1432,1397,3132,1152
"아시아","소계","소계",사무·문구,소계,계,-,-,-,-,-,-,-,-,-,-,-,-,982,886,1294,1318,923
"아시아","소계","소계",사무·문구,소계,면세점,-,-,-,-,-,-,-,-,-,-,-,-,45,31,58,72,141
"아시아","소계","소계",사무·문구,소계,면세점 이외,-,-,-,-,-,-,-,-,-,-,-,-,937,855,1236,1246,782
"아시아","소계","소계",음반·비디오·악기,소계,계,-,-,-,-,-,-,-,-,-,-,-,-,22229,39609,19237,24440,9650
"아시아","소계","소계",음반·비디오·악기,소계,면세점,-,-,-,-,-,-,-,-,-,-,-,-,0,0,0,0,0
"아시아","소계","소계",음반·비디오·악기,소계,면세점 이외,-,-,-,-,-,-,-,-,-,-,-,-,22229,39609,19237,24440,9650
"아시아","소계","소계",의류 및 패션 관련 상품,소계,계,-,-,-,-,-,-,-,-,-,-,-,-,34133,41324,40465,47777,52138
"아시아","소계","소계",의류 및 패션 관련 상품,소계,면세점,-,-,-,-,-,-,-,-,-,-,-,-,3213,13305,15379,17322,21655
"아시아","소계","소계",의류 및 패션 관련 상품,소계,면세점 이외,-,-,-,-,-,-,-,-,-,-,-,-,30920,28019,25086,30455,30483
"아시아","소계","소계",스포츠·레저용품,소계,계,-,-,-,-,-,-,-,-,-,-,-,-,1978,1470,2319,2254,1524
"아시아","소계","소계",스포츠·레저용품,소계,면세점,-,-,-,-,-,-,-,-,-,-,-,-,0,3,3,3,7
"아시아","소계","소계",스포츠·레저용품,소계,면세점 이외,-,-,-,-,-,-,-,-,-,-,-,-,1978,1467,2316,2251,1517
"아시아","소계","소계",화장품,소계,계,-,-,-,-,-,-,-,-,-,-,-,-,140528,290290,278012,277845,233077
"아시아","소계","소계",화장품,소계,면세점,-,-,-,-,-,-,-,-,-,-,-,-,105529,263114,250733,253715,206499
"아시아","소계","소계",화장품,소계,면세점 이외,-,-,-,-,-,-,-,-,-,-,-,-,34999,27176,27279,24130,26578
"아시아","소계","소계",아동·유아용품,소계,계,-,-,-,-,-,-,-,-,-,-,-,-,1393,1810,1657,1430,1610
"아시아","소계","소계",아동·유아용품,소계,면세점,-,-,-,-,-,-,-,-,-,-,-,-,7,12,34,29,41
"아시아","소계","소계",아동·유아용품,소계,면세점 이외,-,-,-,-,-,-,-,-,-,-,-,-,1386,1798,1623,1401,1569
"아시아","소계","소계",음·식료품,소계,계,-,-,-,-,-,-,-,-,-,-,-,-,5865,5184,4972,7802,10358
"아시아","소계","소계",음·식료품,소계,면세점,-,-,-,-,-,-,-,-,-,-,-,-,1723,2217,2406,5386,8075
"아시아","소계","소계",음·식료품,소계,면세점 이외,-,-,-,-,-,-,-,-,-,-,-,-,4142,2967,2566,2416,2283
"아시아","소계","소계",농축수산물,소계,계,-,-,-,-,-,-,-,-,-,-,-,-,1,3,2,1,0
"아시아","소계","소계",농축수산물,소계,면세점,-,-,-,-,-,-,-,-,-,-,-,-,0,0,0,0,0
"아시아","소계","소계",농축수산물,소계,면세점 이외,-,-,-,-,-,-,-,-,-,-,-,-,1,3,2,1,0
"아시아","소계","소계",생활·자동차용품,소계,계,-,-,-,-,-,-,-,-,-,-,-,-,3494,2594,3152,3466,3243
"아시아","소계","소계",생활·자동차용품,소계,면세점,-,-,-,-,-,-,-,-,-,-,-,-,6,18,69,23,34
"아시아","소계","소계",생활·자동차용품,소계,면세점 이외,-,-,-,-,-,-,-,-,-,-,-,-,3488,2576,3083,3443,3209
"아시아","소계","소계",기 타,소계,계,-,-,-,-,-,-,-,-,-,-,-,-,13522,13057,10821,10433,12372
"아시아","소계","소계",기 타,소계,면세점,-,-,-,-,-,-,-,-,-,-,-,-,0,1,19,50,28
"아시아","소계","소계",기 타,소계,면세점 이외,-,-,-,-,-,-,-,-,-,-,-,-,13522,13056,10802,10383,12344
"아시아","중국","소계",합계,소계,계,1329056,1096847,1457319,1317306,1007747,1013739,835268,731158,400478,342295,263611,187364,141786,321295,296918,295721,243382
"아시아","중국","소계",합계,소계,면세점,1253633,1034738,1392952,1229759,963384,964465,789774,675565,358933,292208,205656,146306,104133,272120,263404,261466,225130
"아시아","중국","소계",합계,소계,면세점 이외,75423,62109,64367,87547,44363,49274,45494,55593,41545,50087,57955,41058,37653,49175,33514,34255,18252
"아시아","중국","소계",컴퓨터 및 주변기기,소계,계,61,41,3563,67,46,49,51,54,22,27,28,106,91,145,797,781,134
"아시아","중국","소계",컴퓨터 및 주변기기,소계,면세점,0,0,3497,0,0,0,0,0,0,0,0,0,0,0,0,0,0
"아시아","중국","소계",컴퓨터 및 주변기기,소계,면세점 이외,61,41,66,67,46,49,51,54,22,27,28,106,91,145,797,781,134
"아시아","중국","소계",가전·전자·통신기기,소계,계,3096,2123,3249,5235,3480,10063,6671,4940,45482,2265,1322,796,368,1322,1449,1906,2638
"아시아","중국","소계",가전·전자·통신기기,소계,면세점,2653,1723,2933,5041,3257,9886,6558,4850,45306,2168,1286,739,201,1256,1292,1869,2595
"아시아","중국","소계",가전·전자·통신기기,소계,면세점 이외,443,400,316,194,223,177,113,90,176,97,36,57,167,66,157,37,43
"아시아","중국","소계",가전·전자·통신기기,가전·전자,계,-,-,-,-,-,-,-,-,-,-,-,-,364,1168,1091,1713,2455
"아시아","중국","소계",가전·전자·통신기기,가전·전자,면세점,-,-,-,-,-,-,-,-,-,-,-,-,200,1112,1035,1679,2421
"아시아","중국","소계",가전·전자·통신기기,가전·전자,면세점 이외,-,-,-,-,-,-,-,-,-,-,-,-,164,56,56,34,34
"아시아","중국","소계",가전·전자·통신기기,통신기기,계,-,-,-,-,-,-,-,-,-,-,-,-,4,154,358,193,183
"아시아","중국","소계",가전·전자·통신기기,통신기기,면세점,-,-,-,-,-,-,-,-,-,-,-,-,1,144,257,190,174
"아시아","중국","소계",가전·전자·통신기기,통신기기,면세점 이외,-,-,-,-,-,-,-,-,-,-,-,-,3,10,101,3,9
"아시아","중국","소계",소프트웨어,소계,계,1,2,1,0,1,0,2145,247,0,0,0,0,111,0,0,0,0
"아시아","중국","소계",소프트웨어,소계,면세점,0,0,0,0,0,0,0,0,0,0,0,0,0,0,0,0,0
"아시아","중국","소계",소프트웨어,소계,면세점 이외,1,2,1,0,1,0,2145,247,0,0,0,0,111,0,0,0,0
"아시아","중국","소계",서 적,소계,계,1575,1591,1829,1664,2734,2525,2586,2968,2358,3705,3780,820,885,964,862,2390,718
"아시아","중국","소계",서 적,소계,면세점,0,0,0,0,0,0,0,0,0,0,0,0,0,0,0,0,0
"아시아","중국","소계",서 적,소계,면세점 이외,1575,1591,1829,1664,2734,2525,2586,2968,2358,3705,3780,820,885,964,862,2390,718
"아시아","중국","소계",사무·문구,소계,계,258,76,49,21,49,51,178,60,72,224,27,131,90,78,67,82,154
"아시아","중국","소계",사무·문구,소계,면세점,0,0,1,0,0,0,72,16,1,0,0,61,45,31,58,72,141
"아시아","중국","소계",사무·문구,소계,면세점 이외,258,76,48,21,49,51,106,44,71,224,27,70,45,47,9,10,13
"아시아","중국","소계",음반·비디오·악기,소계,계,18103,26697,32589,47689,13339,18992,12676,17860,16443,27657,27811,22001,17432,27862,14371,13465,7023
"아시아","중국","소계",음반·비디오·악기,소계,면세점,0,0,0,0,0,0,0,0,0,0,0,0,0,0,0,0,0
"아시아","중국","소계",음반·비디오·악기,소계,면세점 이외,18103,26697,32589,47689,13339,18992,12676,17860,16443,27657,27811,22001,17432,27862,14371,13465,7023
"아시아","중국","소계",의류 및 패션 관련 상품,소계,계,39860,17438,20635,28413,24498,23432,24922,29080,14757,10927,9299,13986,11911,21420,22016,24960,26216
"아시아","중국","소계",의류 및 패션 관련 상품,소계,면세점,24617,1059,2967,6753,6132,4803,9054,7703,2211,2314,1819,3439,2936,12894,14947,16529,20862
"아시아","중국","소계",의류 및 패션 관련 상품,소계,면세점 이외,15243,18497,17668,21660,18366,18629,15868,21377,12546,8613,7480,10547,8975,8526,7069,8431,5354
"아시아","중국","소계",스포츠·레저용품,소계,계,449,1156,538,1856,305,296,296,251,202,378,307,211,204,236,275,276,264
"아시아","중국","소계",스포츠·레저용품,소계,면세점,0,0,0,0,0,0,0,0,0,0,0,0,0,3,3,3,7
"아시아","중국","소계",스포츠·레저용품,소계,면세점 이외,449,1156,538,1856,305,296,296,251,202,378,307,211,204,233,272,273,257
"아시아","중국","소계",화장품,소계,계,1238820,1041605,1389271,1225659,956623,951186,779943,670186,314712,290589,203843,143595,104573,262240,251119,242829,194541
"아시아","중국","소계",화장품,소계,면세점,1223041,1033022,1382977,1217460,952990,947953,773689,661937,311003,286697,201128,140626,99288,255812,244704,237892,193693
"아시아","중국","소계",화장품,소계,면세점 이외,15779,8583,6294,8199,3633,3233,6254,8249,3709,3892,2715,2969,5285,6428,6415,4937,848
"아시아","중국","소계",아동·유아용품,소계,계,1329,1146,1798,1359,961,878,1355,1478,661,1581,1331,748,764,1313,846,986,1084
"아시아","중국","소계",아동·유아용품,소계,면세점,28,1,1,0,0,0,0,27,0,0,0,2,7,12,34,29,41
"아시아","중국","소계",아동·유아용품,소계,면세점 이외,1301,1147,1799,1359,961,878,1355,1451,661,1581,1331,746,757,1301,812,957,1043
"아시아","중국","소계",음·식료품,소계,계,4745,1660,1840,1317,1679,2496,1054,1577,993,1565,1998,1592,2028,2301,2374,5063,7799
"아시아","중국","소계",음·식료품,소계,면세점,3204,1056,577,505,1005,1821,401,1032,411,1029,1423,1435,1650,2093,2278,4999,7729
"아시아","중국","소계",음·식료품,소계,면세점 이외,1541,604,1263,812,674,675,653,545,582,536,575,157,378,208,96,64,70
"아시아","중국","소계",농축수산물,소계,계,20,20,28,20,19,24,19,9,8,8,2,0,1,2,2,1,0
"아시아","중국","소계",농축수산물,소계,면세점,0,0,0,0,0,0,0,0,0,0,0,0,0,0,0,0,0
"아시아","중국","소계",농축수산물,소계,면세점 이외,20,20,28,20,19,24,19,9,8,8,2,0,1,2,2,1,0
"아시아","중국","소계",생활·자동차용품,소계,계,2691,2261,985,1254,1272,1087,1017,658,383,671,459,708,495,334,388,716,879
"아시아","중국","소계",생활·자동차용품,소계,면세점,51,3,1,0,0,0,0,0,1,0,0,4,6,18,69,23,34
"아시아","중국","소계",생활·자동차용품,소계,면세점 이외,2640,2264,984,1254,1272,1087,1017,658,382,671,459,704,489,316,319,693,845
"아시아","중국","소계",기 타,소계,계,18048,1031,944,2752,2739,2660,2354,1791,4382,2698,13402,2671,2833,3078,2352,2266,1932
"아시아","중국","소계",기 타,소계,면세점,39,0,0,0,0,2,0,0,0,0,0,0,0,1,19,50,28
"아시아","중국","소계",기 타,소계,면세점 이외,18009,1031,944,2752,2739,2658,2354,1791,4382,2698,13402,2671,2833,3077,2333,2216,1904
"아시아","일본","소계",합계,소계,계,43429,62250,63976,70242,65197,74438,79309,84465,78278,70832,70780,71506,64683,61304,48889,57467,54541
"아시아","일본","소계",합계,소계,면세점,2129,3860,5051,8127,41,10,11,526,356,2719,226,250,311,873,977,2641,2402
"아시아","일본","소계",합계,소계,면세점 이외,41300,58390,58925,62115,65156,74428,79298,83939,77922,68113,70554,71256,64372,60431,47912,54826,52139
"아시아","일본","소계",컴퓨터 및 주변기기,소계,계,36,43,83,31,41,26,26,23,9,21,20,35,31,148,682,60,4
"아시아","일본","소계",컴퓨터 및 주변기기,소계,면세점,0,0,0,0,0,0,0,0,0,0,0,0,0,0,0,0,0
"아시아","일본","소계",컴퓨터 및 주변기기,소계,면세점 이외,36,43,83,31,41,26,26,23,9,21,20,35,31,148,682,60,4
"아시아","일본","소계",가전·전자·통신기기,소계,계,120,63,143,92,114,95,224,302,850,661,1427,587,1063,3532,319,204,137
"아시아","일본","소계",가전·전자·통신기기,소계,면세점,7,0,3,4,12,1,0,0,90,1,0,1,0,162,95,37,16
"아시아","일본","소계",가전·전자·통신기기,소계,면세점 이외,113,63,140,88,102,94,224,302,760,660,1427,586,1063,3370,224,167,121
"아시아","일본","소계",가전·전자·통신기기,가전·전자,계,-,-,-,-,-,-,-,-,-,-,-,-,92,399,231,129,82
"아시아","일본","소계",가전·전자·통신기기,가전·전자,면세점,-,-,-,-,-,-,-,-,-,-,-,-,0,161,95,37,16
"아시아","일본","소계",가전·전자·통신기기,가전·전자,면세점 이외,-,-,-,-,-,-,-,-,-,-,-,-,92,238,136,92,66
"아시아","일본","소계",가전·전자·통신기기,통신기기,계,-,-,-,-,-,-,-,-,-,-,-,-,971,3133,88,75,55
"아시아","일본","소계",가전·전자·통신기기,통신기기,면세점,-,-,-,-,-,-,-,-,-,-,-,-,0,1,0,0,0
"아시아","일본","소계",가전·전자·통신기기,통신기기,면세점 이외,-,-,-,-,-,-,-,-,-,-,-,-,971,3132,88,75,55
"아시아","일본","소계",소프트웨어,소계,계,1,2,1,23,1,4,0,0,0,0,2668,0,36,0,0,0,0
"아시아","일본","소계",소프트웨어,소계,면세점,0,0,0,0,0,0,0,0,0,0,0,0,0,0,0,0,0
"아시아","일본","소계",소프트웨어,소계,면세점 이외,1,2,1,23,1,4,0,0,0,0,2668,0,36,0,0,0,0
"아시아","일본","소계",서 적,소계,계,134,188,333,400,690,384,440,554,550,355,337,335,471,257,238,463,307
"아시아","일본","소계",서 적,소계,면세점,0,0,0,0,0,0,0,0,0,0,0,0,0,0,0,0,0
"아시아","일본","소계",서 적,소계,면세점 이외,134,188,333,400,690,384,440,554,550,355,337,335,471,257,238,463,307
"아시아","일본","소계",사무·문구,소계,계,349,314,424,439,1056,532,813,380,738,1553,458,1012,277,314,345,330,243
"아시아","일본","소계",사무·문구,소계,면세점,0,0,0,0,0,0,0,0,0,0,0,0,0,0,0,0,0
"아시아","일본","소계",사무·문구,소계,면세점 이외,349,314,424,439,1056,532,813,380,738,1553,458,1012,277,314,345,330,243
"아시아","일본","소계",음반·비디오·악기,소계,계,2341,2829,4522,5046,3905,3575,4330,4193,3330,3959,3639,5546,2314,10246,3674,9800,2195
"아시아","일본","소계",음반·비디오·악기,소계,면세점,0,0,0,0,0,0,0,0,0,0,0,0,0,0,0,0,0
"아시아","일본","소계",음반·비디오·악기,소계,면세점 이외,2341,2829,4522,5046,3905,3575,4330,4193,3330,3959,3639,5546,2314,10246,3674,9800,2195
"아시아","일본","소계",의류 및 패션 관련 상품,소계,계,23194,33957,29967,32413,25162,30721,27567,33093,26369,22058,18128,24429,15806,12569,11612,15389,12176
"아시아","일본","소계",의류 및 패션 관련 상품,소계,면세점,76,3,1,1,3,1,1,3,2,20,79,76,27,126,111,260,340
"아시아","일본","소계",의류 및 패션 관련 상품,소계,면세점 이외,23118,33954,29968,32412,25159,30720,27566,33090,26367,22038,18049,24353,15779,12443,11501,15129,11836
"아시아","일본","소계",스포츠·레저용품,소계,계,146,69,158,273,330,117,285,513,429,175,458,738,265,168,138,185,194
"아시아","일본","소계",스포츠·레저용품,소계,면세점,0,0,0,0,0,0,0,0,0,0,0,0,0,0,0,0,0
"아시아","일본","소계",스포츠·레저용품,소계,면세점 이외,146,69,158,273,330,117,285,513,429,175,458,738,265,168,138,185,194
"아시아","일본","소계",화장품,소계,계,8154,14894,18102,20115,18017,22584,29138,27577,31479,26983,25166,24019,28004,19997,19560,19169,25315
"아시아","일본","소계",화장품,소계,면세점,2023,3857,5049,8121,25,7,10,522,264,2696,140,163,273,544,711,2058,1836
"아시아","일본","소계",화장품,소계,면세점 이외,6131,11037,13053,11994,17992,22577,29128,27055,31215,24287,25026,23856,27731,19453,18849,17111,23479
"아시아","일본","소계",아동·유아용품,소계,계,126,206,360,663,312,258,353,213,262,218,353,401,346,347,549,219,304
"아시아","일본","소계",아동·유아용품,소계,면세점,2,0,0,0,0,0,0,0,0,0,0,0,0,0,0,0,0
"아시아","일본","소계",아동·유아용품,소계,면세점 이외,124,206,360,663,312,258,353,213,262,218,353,401,346,347,549,219,304
"아시아","일본","소계",음·식료품,소계,계,1808,963,592,1358,3558,3576,3385,4028,3136,3995,3224,2796,3669,2700,2407,2504,2222
"아시아","일본","소계",음·식료품,소계,면세점,21,0,0,1,1,1,0,1,0,2,7,10,11,41,60,286,210
"아시아","일본","소계",음·식료품,소계,면세점 이외,1787,963,592,1357,3557,3575,3385,4027,3136,3993,3217,2786,3658,2659,2347,2218,2012
"아시아","일본","소계",농축수산물,소계,계,1,0,0,1,0,0,0,0,0,0,0,0,0,1,0,0,0
"아시아","일본","소계",농축수산물,소계,면세점,0,0,0,0,0,0,0,0,0,0,0,0,0,0,0,0,0
"아시아","일본","소계",농축수산물,소계,면세점 이외,1,0,0,1,0,0,0,0,0,0,0,0,0,1,0,0,0
"아시아","일본","소계",생활·자동차용품,소계,계,1561,687,825,838,1152,806,1316,2638,1536,751,1351,1157,1885,1267,1147,1164,1336
"아시아","일본","소계",생활·자동차용품,소계,면세점,0,0,0,0,0,0,0,0,0,0,0,0,0,0,0,0,0
"아시아","일본","소계",생활·자동차용품,소계,면세점 이외,1561,687,825,838,1152,806,1316,2638,1536,751,1351,1157,1885,1267,1147,1164,1336
"아시아","일본","소계",기 타,소계,계,5458,8035,8466,8550,10857,11758,11430,10950,9585,10099,13549,10449,10516,9758,8218,7980,10108
"아시아","일본","소계",기 타,소계,면세점,0,0,0,0,0,0,0,0,0,0,0,0,0,0,0,0,0
"아시아","일본","소계",기 타,소계,면세점 이외,5458,8035,8466,8550,10857,11758,11430,10950,9585,10099,13549,10449,10516,9758,8218,7980,10108
"아시아","아세안","소계",합계,소계,계,55362,28039,30871,26846,26051,26103,26486,23515,20705,20897,24820,26319,22678,21495,21143,29464,30767
"아시아","아세안","소계",합계,소계,면세점,25334,2672,5894,1858,2411,2064,2419,1870,2949,2352,5497,5966,6400,7639,4163,12567,10388
"아시아","아세안","소계",합계,소계,면세점 이외,30028,25367,24977,24988,23640,24039,24067,21645,17756,18545,19323,20353,16278,13856,16980,16897,20379
"아시아","아세안","소계",컴퓨터 및 주변기기,소계,계,284,118,79,60,279,103,57,34,14,8,33,58,92,62,22,41,25
"아시아","아세안","소계",컴퓨터 및 주변기기,소계,면세점,0,0,0,0,0,0,0,0,0,0,0,0,0,0,0,0,0
"아시아","아세안","소계",컴퓨터 및 주변기기,소계,면세점 이외,284,118,79,60,279,103,57,34,14,8,33,58,92,62,22,41,25
"아시아","아세안","소계",가전·전자·통신기기,소계,계,5249,5032,4868,3162,3198,3431,2720,2143,1883,1809,2494,2893,2378,2344,3359,3139,1862
"아시아","아세안","소계",가전·전자·통신기기,소계,면세점,1792,1790,1834,490,900,847,131,74,28,23,28,33,120,515,95,49,24
"아시아","아세안","소계",가전·전자·통신기기,소계,면세점 이외,3457,3242,3034,2672,2298,2584,2589,2069,1855,1786,2466,2860,2258,1829,3264,3090,1838
"아시아","아세안","소계",가전·전자·통신기기,가전·전자,계,-,-,-,-,-,-,-,-,-,-,-,-,2372,2337,3359,3138,1860
"아시아","아세안","소계",가전·전자·통신기기,가전·전자,면세점,-,-,-,-,-,-,-,-,-,-,-,-,119,515,95,49,22
"아시아","아세안","소계",가전·전자·통신기기,가전·전자,면세점 이외,-,-,-,-,-,-,-,-,-,-,-,-,2253,1822,3264,3089,1838
"아시아","아세안","소계",가전·전자·통신기기,통신기기,계,-,-,-,-,-,-,-,-,-,-,-,-,6,7,0,1,2
"아시아","아세안","소계",가전·전자·통신기기,통신기기,면세점,-,-,-,-,-,-,-,-,-,-,-,-,1,0,0,0,2
"아시아","아세안","소계",가전·전자·통신기기,통신기기,면세점 이외,-,-,-,-,-,-,-,-,-,-,-,-,5,7,0,1,0
"아시아","아세안","소계",소프트웨어,소계,계,2,1,0,0,2,0,1,0,0,0,0,0,24,0,0,0,0
"아시아","아세안","소계",소프트웨어,소계,면세점,0,0,0,0,0,0,0,0,0,0,0,0,0,0,0,0,0
"아시아","아세안","소계",소프트웨어,소계,면세점 이외,2,1,0,0,2,0,1,0,0,0,0,0,24,0,0,0,0
"아시아","아세안","소계",서 적,소계,계,1121,990,876,1205,1005,1170,681,1222,524,927,448,253,224,195,278,187,102
"아시아","아세안","소계",서 적,소계,면세점,0,0,0,0,0,0,0,0,0,0,0,0,0,0,0,0,0
"아시아","아세안","소계",서 적,소계,면세점 이외,1121,990,876,1205,1005,1170,681,1222,524,927,448,253,224,195,278,187,102
"아시아","아세안","소계",사무·문구,소계,계,882,891,804,702,602,672,693,561,520,669,661,775,609,493,882,897,524
"아시아","아세안","소계",사무·문구,소계,면세점,0,0,0,0,0,0,0,0,0,0,2,1,0,0,0,0,0
"아시아","아세안","소계",사무·문구,소계,면세점 이외,882,891,804,702,602,672,693,561,520,669,659,774,609,493,882,897,524
"아시아","아세안","소계",음반·비디오·악기,소계,계,2437,3436,4189,6073,7049,4490,4000,4257,2765,5277,2558,2537,2190,953,396,468,229
"아시아","아세안","소계",음반·비디오·악기,소계,면세점,0,0,0,0,0,0,0,0,0,0,0,0,0,0,0,0,0
"아시아","아세안","소계",음반·비디오·악기,소계,면세점 이외,2437,3436,4189,6073,7049,4490,4000,4257,2765,5277,2558,2537,2190,953,396,468,229
"아시아","아세안","소계",의류 및 패션 관련 상품,소계,계,9830,10862,9787,8860,7731,6940,8428,7645,8073,6516,9022,9369,6214,7076,6611,7124,13506
"아시아","아세안","소계",의류 및 패션 관련 상품,소계,면세점,1296,13,34,30,33,35,35,76,142,219,311,175,250,285,216,404,341
"아시아","아세안","소계",의류 및 패션 관련 상품,소계,면세점 이외,8534,10875,9753,8830,7698,6905,8393,7569,7931,6297,8711,9194,5964,6791,6395,6720,13165
"아시아","아세안","소계",스포츠·레저용품,소계,계,2101,1922,1811,1589,1472,1496,1500,1225,1295,1060,1435,1670,1509,1063,1905,1792,1065
"아시아","아세안","소계",스포츠·레저용품,소계,면세점,0,0,0,0,0,0,0,0,0,0,0,0,0,0,0,0,0
"아시아","아세안","소계",스포츠·레저용품,소계,면세점 이외,2101,1922,1811,1589,1472,1496,1500,1225,1295,1060,1435,1670,1509,1063,1905,1792,1065
"아시아","아세안","소계",화장품,소계,계,25772,1605,5987,2303,2436,2242,3262,2796,3931,2955,5971,6425,7722,7797,5424,13654,11595
"아시아","아세안","소계",화장품,소계,면세점,22093,896,4018,1328,1471,1175,2235,1701,2767,2085,5106,5692,5968,6757,3810,12050,9921
"아시아","아세안","소계",화장품,소계,면세점 이외,3679,709,1969,975,965,1067,1027,1095,1164,870,865,733,1754,1040,1614,1604,1674
"아시아","아세안","소계",아동·유아용품,소계,계,1116,786,377,419,212,1017,926,647,275,272,222,320,282,148,260,222,222
"아시아","아세안","소계",아동·유아용품,소계,면세점,0,0,0,0,0,0,0,0,0,0,0,0,0,0,0,0,0
"아시아","아세안","소계",아동·유아용품,소계,면세점 이외,1116,786,377,419,212,1017,926,647,275,272,222,320,282,148,260,222,222
"아시아","아세안","소계",음·식료품,소계,계,3843,275,165,178,175,513,462,660,132,173,193,245,162,181,164,196,298
"아시아","아세안","소계",음·식료품,소계,면세점,153,1,8,10,7,7,18,19,12,25,50,65,62,82,42,64,102
"아시아","아세안","소계",음·식료품,소계,면세점 이외,3690,276,157,168,168,506,444,641,120,148,143,180,100,99,122,132,196
"아시아","아세안","소계",농축수산물,소계,계,7,4,4,2,1,0,2,1,0,0,0,0,0,0,0,0,0
"아시아","아세안","소계",농축수산물,소계,면세점,0,0,0,0,0,0,0,0,0,0,0,0,0,0,0,0,0
"아시아","아세안","소계",농축수산물,소계,면세점 이외,7,4,4,2,1,0,2,1,0,0,0,0,0,0,0,0,0
"아시아","아세안","소계",생활·자동차용품,소계,계,1853,1688,1529,1362,1300,2933,2168,1565,894,881,1471,1503,1109,988,1610,1574,1016
"아시아","아세안","소계",생활·자동차용품,소계,면세점,0,0,0,0,0,0,0,0,0,0,0,0,0,0,0,0,0
"아시아","아세안","소계",생활·자동차용품,소계,면세점 이외,1853,1688,1529,1362,1300,2933,2168,1565,894,881,1471,1503,1109,988,1610,1574,1016
"아시아","아세안","소계",기 타,소계,계,865,429,395,931,589,1096,1585,760,397,350,313,273,163,195,232,170,323
"아시아","아세안","소계",기 타,소계,면세점,0,0,0,0,0,0,0,0,0,0,0,0,0,0,0,0,0
"아시아","아세안","소계",기 타,소계,면세점 이외,865,429,395,931,589,1096,1585,760,397,350,313,273,163,195,232,170,323
"아시아","중동","소계",합계,소계,계,3286,2537,2880,2764,1730,1617,1694,1070,529,809,692,605,622,770,909,1267,705
"아시아","중동","소계",합계,소계,면세점,0,0,0,0,0,0,0,0,0,0,0,0,0,0,1,0,0
"아시아","중동","소계",합계,소계,면세점 이외,3286,2537,2880,2764,1730,1617,1694,1070,529,809,692,605,622,770,908,1267,705
"아시아","중동","소계",컴퓨터 및 주변기기,소계,계,61,107,139,81,51,94,73,26,2,14,48,33,55,36,80,115,33
"아시아","중동","소계",컴퓨터 및 주변기기,소계,면세점,0,0,0,0,0,0,0,0,0,0,0,0,0,0,0,0,0
"아시아","중동","소계",컴퓨터 및 주변기기,소계,면세점 이외,61,107,139,81,51,94,73,26,2,14,48,33,55,36,80,115,33
"아시아","중동","소계",가전·전자·통신기기,소계,계,182,190,272,195,157,99,105,65,8,17,8,32,18,19,8,19,17
"아시아","중동","소계",가전·전자·통신기기,소계,면세점,0,0,0,0,0,0,0,0,0,0,0,0,0,0,0,0,0
"아시아","중동","소계",가전·전자·통신기기,소계,면세점 이외,182,190,272,195,157,99,105,65,8,17,8,32,18,19,8,19,17
"아시아","중동","소계",가전·전자·통신기기,가전·전자,계,-,-,-,-,-,-,-,-,-,-,-,-,7,19,7,16,13
"아시아","중동","소계",가전·전자·통신기기,가전·전자,면세점,-,-,-,-,-,-,-,-,-,-,-,-,0,0,0,0,0
"아시아","중동","소계",가전·전자·통신기기,가전·전자,면세점 이외,-,-,-,-,-,-,-,-,-,-,-,-,7,19,7,16,13
"아시아","중동","소계",가전·전자·통신기기,통신기기,계,-,-,-,-,-,-,-,-,-,-,-,-,11,0,1,3,4
"아시아","중동","소계",가전·전자·통신기기,통신기기,면세점,-,-,-,-,-,-,-,-,-,-,-,-,0,0,0,0,0
"아시아","중동","소계",가전·전자·통신기기,통신기기,면세점 이외,-,-,-,-,-,-,-,-,-,-,-,-,11,0,1,3,4
"아시아","중동","소계",소프트웨어,소계,계,2,3,8,4,2,2,1,0,0,0,0,0,1,0,0,0,0
"아시아","중동","소계",소프트웨어,소계,면세점,0,0,0,0,0,0,0,0,0,0,0,0,0,0,0,0,0
"아시아","중동","소계",소프트웨어,소계,면세점 이외,2,3,8,4,2,2,1,0,0,0,0,0,1,0,0,0,0
"아시아","중동","소계",서 적,소계,계,98,11,9,21,32,27,40,46,36,53,46,16,14,15,17,91,25
"아시아","중동","소계",서 적,소계,면세점,0,0,0,0,0,0,0,0,0,0,0,0,0,0,0,0,0
"아시아","중동","소계",서 적,소계,면세점 이외,98,11,9,21,32,27,40,46,36,53,46,16,14,15,17,91,25
"아시아","중동","소계",사무·문구,소계,계,1,1,2,0,2,0,6,1,2,3,1,4,2,1,0,6,2
"아시아","중동","소계",사무·문구,소계,면세점,0,0,0,0,0,0,0,0,0,0,0,0,0,0,0,0,0
"아시아","중동","소계",사무·문구,소계,면세점 이외,1,1,2,0,2,0,6,1,2,3,1,4,2,1,0,6,2
"아시아","중동","소계",음반·비디오·악기,소계,계,496,710,870,1174,326,352,367,311,211,353,245,130,270,423,406,548,136
"아시아","중동","소계",음반·비디오·악기,소계,면세점,0,0,0,0,0,0,0,0,0,0,0,0,0,0,0,0,0
"아시아","중동","소계",음반·비디오·악기,소계,면세점 이외,496,710,870,1174,326,352,367,311,211,353,245,130,270,423,406,548,136
"아시아","중동","소계",의류 및 패션 관련 상품,소계,계,259,553,559,405,378,327,407,271,154,194,179,142,75,78,73,93,81
"아시아","중동","소계",의류 및 패션 관련 상품,소계,면세점,0,0,0,0,0,0,0,0,0,0,0,0,0,0,0,0,0
"아시아","중동","소계",의류 및 패션 관련 상품,소계,면세점 이외,259,553,559,405,378,327,407,271,154,194,179,142,75,78,73,93,81
"아시아","중동","소계",스포츠·레저용품,소계,계,47,42,59,48,31,32,32,14,2,1,1,3,0,3,0,1,1
"아시아","중동","소계",스포츠·레저용품,소계,면세점,0,0,0,0,0,0,0,0,0,0,0,0,0,0,0,0,0
"아시아","중동","소계",스포츠·레저용품,소계,면세점 이외,47,42,59,48,31,32,32,14,2,1,1,3,0,3,0,1,1
"아시아","중동","소계",화장품,소계,계,671,534,543,469,422,376,381,217,93,159,130,200,172,166,303,366,384
"아시아","중동","소계",화장품,소계,면세점,0,0,0,0,0,0,0,0,0,0,0,0,0,0,1,0,0
"아시아","중동","소계",화장품,소계,면세점 이외,671,534,543,469,422,376,381,217,93,159,130,200,172,166,302,366,384
"아시아","중동","소계",아동·유아용품,소계,계,35,32,28,26,26,27,20,12,4,2,5,6,0,1,2,3,0
"아시아","중동","소계",아동·유아용품,소계,면세점,0,0,0,0,0,0,0,0,0,0,0,0,0,0,0,0,0
"아시아","중동","소계",아동·유아용품,소계,면세점 이외,35,32,28,26,26,27,20,12,4,2,5,6,0,1,2,3,0
"아시아","중동","소계",음·식료품,소계,계,921,2,0,4,2,5,1,0,4,2,2,2,2,1,0,1,5
"아시아","중동","소계",음·식료품,소계,면세점,0,0,0,0,0,0,0,0,0,0,0,0,0,0,0,0,0
"아시아","중동","소계",음·식료품,소계,면세점 이외,921,2,0,4,2,5,1,0,4,2,2,2,2,1,0,1,5
"아시아","중동","소계",농축수산물,소계,계,0,0,0,0,0,0,0,0,0,0,0,0,0,0,0,0,0
"아시아","중동","소계",농축수산물,소계,면세점,0,0,0,0,0,0,0,0,0,0,0,0,0,0,0,0,0
"아시아","중동","소계",농축수산물,소계,면세점 이외,0,0,0,0,0,0,0,0,0,0,0,0,0,0,0,0,0
"아시아","중동","소계",생활·자동차용품,소계,계,379,223,245,213,194,156,136,63,5,3,3,4,5,4,7,9,12
"아시아","중동","소계",생활·자동차용품,소계,면세점,0,0,0,0,0,0,0,0,0,0,0,0,0,0,0,0,0
"아시아","중동","소계",생활·자동차용품,소계,면세점 이외,379,223,245,213,194,156,136,63,5,3,3,4,5,4,7,9,12
"아시아","중동","소계",기 타,소계,계,134,129,146,124,104,118,123,43,8,10,21,33,8,23,13,15,9
"아시아","중동","소계",기 타,소계,면세점,0,0,0,0,0,0,0,0,0,0,0,0,0,0,0,0,0
"아시아","중동","소계",기 타,소계,면세점 이외,134,129,146,124,104,118,123,43,8,10,21,33,8,23,13,15,9
"아시아","기타 아시아","소계",합계,소계,계,-,-,-,-,-,-,-,-,-,-,-,-,315,518,2288,2290,1540
"아시아","기타 아시아","소계",합계,소계,면세점,-,-,-,-,-,-,-,-,-,-,-,-,0,2,1690,1904,1209
"아시아","기타 아시아","소계",합계,소계,면세점 이외,-,-,-,-,-,-,-,-,-,-,-,-,315,516,598,386,331
"아시아","기타 아시아","소계",컴퓨터 및 주변기기,소계,계,-,-,-,-,-,-,-,-,-,-,-,-,74,91,42,22,15
"아시아","기타 아시아","소계",컴퓨터 및 주변기기,소계,면세점,-,-,-,-,-,-,-,-,-,-,-,-,0,0,0,0,0
"아시아","기타 아시아","소계",컴퓨터 및 주변기기,소계,면세점 이외,-,-,-,-,-,-,-,-,-,-,-,-,74,91,42,22,15
"아시아","기타 아시아","소계",가전·전자·통신기기,소계,계,-,-,-,-,-,-,-,-,-,-,-,-,15,24,61,24,23
"아시아","기타 아시아","소계",가전·전자·통신기기,소계,면세점,-,-,-,-,-,-,-,-,-,-,-,-,0,0,52,23,14
"아시아","기타 아시아","소계",가전·전자·통신기기,소계,면세점 이외,-,-,-,-,-,-,-,-,-,-,-,-,15,24,9,1,9
"아시아","기타 아시아","소계",가전·전자·통신기기,가전·전자,계,-,-,-,-,-,-,-,-,-,-,-,-,5,6,58,24,19
"아시아","기타 아시아","소계",가전·전자·통신기기,가전·전자,면세점,-,-,-,-,-,-,-,-,-,-,-,-,0,0,52,23,14
"아시아","기타 아시아","소계",가전·전자·통신기기,가전·전자,면세점 이외,-,-,-,-,-,-,-,-,-,-,-,-,5,6,6,1,5
"아시아","기타 아시아","소계",가전·전자·통신기기,통신기기,계,-,-,-,-,-,-,-,-,-,-,-,-,10,18,3,0,4
"아시아","기타 아시아","소계",가전·전자·통신기기,통신기기,면세점,-,-,-,-,-,-,-,-,-,-,-,-,0,0,0,0,0
"아시아","기타 아시아","소계",가전·전자·통신기기,통신기기,면세점 이외,-,-,-,-,-,-,-,-,-,-,-,-,10,18,3,0,4
"아시아","기타 아시아","소계",소프트웨어,소계,계,-,-,-,-,-,-,-,-,-,-,-,-,0,0,0,0,0
"아시아","기타 아시아","소계",소프트웨어,소계,면세점,-,-,-,-,-,-,-,-,-,-,-,-,0,0,0,0,0
"아시아","기타 아시아","소계",소프트웨어,소계,면세점 이외,-,-,-,-,-,-,-,-,-,-,-,-,0,0,0,0,0
"아시아","기타 아시아","소계",서 적,소계,계,-,-,-,-,-,-,-,-,-,-,-,-,8,1,2,1,0
"아시아","기타 아시아","소계",서 적,소계,면세점,-,-,-,-,-,-,-,-,-,-,-,-,0,0,0,0,0
"아시아","기타 아시아","소계",서 적,소계,면세점 이외,-,-,-,-,-,-,-,-,-,-,-,-,8,1,2,1,0
"아시아","기타 아시아","소계",사무·문구,소계,계,-,-,-,-,-,-,-,-,-,-,-,-,4,0,0,3,0
"아시아","기타 아시아","소계",사무·문구,소계,면세점,-,-,-,-,-,-,-,-,-,-,-,-,0,0,0,0,0
"아시아","기타 아시아","소계",사무·문구,소계,면세점 이외,-,-,-,-,-,-,-,-,-,-,-,-,4,0,0,3,0
"아시아","기타 아시아","소계",음반·비디오·악기,소계,계,-,-,-,-,-,-,-,-,-,-,-,-,23,125,390,159,67
"아시아","기타 아시아","소계",음반·비디오·악기,소계,면세점,-,-,-,-,-,-,-,-,-,-,-,-,0,0,0,0,0
"아시아","기타 아시아","소계",음반·비디오·악기,소계,면세점 이외,-,-,-,-,-,-,-,-,-,-,-,-,23,125,390,159,67
"아시아","기타 아시아","소계",의류 및 패션 관련 상품,소계,계,-,-,-,-,-,-,-,-,-,-,-,-,127,181,153,211,159
"아시아","기타 아시아","소계",의류 및 패션 관련 상품,소계,면세점,-,-,-,-,-,-,-,-,-,-,-,-,0,0,105,129,112
"아시아","기타 아시아","소계",의류 및 패션 관련 상품,소계,면세점 이외,-,-,-,-,-,-,-,-,-,-,-,-,127,181,48,82,47
"아시아","기타 아시아","소계",스포츠·레저용품,소계,계,-,-,-,-,-,-,-,-,-,-,-,-,0,0,1,0,0
"아시아","기타 아시아","소계",스포츠·레저용품,소계,면세점,-,-,-,-,-,-,-,-,-,-,-,-,0,0,0,0,0
"아시아","기타 아시아","소계",스포츠·레저용품,소계,면세점 이외,-,-,-,-,-,-,-,-,-,-,-,-,0,0,1,0,0
"아시아","기타 아시아","소계",화장품,소계,계,-,-,-,-,-,-,-,-,-,-,-,-,57,90,1606,1827,1242
"아시아","기타 아시아","소계",화장품,소계,면세점,-,-,-,-,-,-,-,-,-,-,-,-,0,1,1507,1715,1049
"아시아","기타 아시아","소계",화장품,소계,면세점 이외,-,-,-,-,-,-,-,-,-,-,-,-,57,89,99,112,193
"아시아","기타 아시아","소계",아동·유아용품,소계,계,-,-,-,-,-,-,-,-,-,-,-,-,1,1,0,0,0
"아시아","기타 아시아","소계",아동·유아용품,소계,면세점,-,-,-,-,-,-,-,-,-,-,-,-,0,0,0,0,0
"아시아","기타 아시아","소계",아동·유아용품,소계,면세점 이외,-,-,-,-,-,-,-,-,-,-,-,-,1,1,0,0,0
"아시아","기타 아시아","소계",음·식료품,소계,계,-,-,-,-,-,-,-,-,-,-,-,-,4,1,27,38,34
"아시아","기타 아시아","소계",음·식료품,소계,면세점,-,-,-,-,-,-,-,-,-,-,-,-,0,1,26,37,34
"아시아","기타 아시아","소계",음·식료품,소계,면세점 이외,-,-,-,-,-,-,-,-,-,-,-,-,4,0,1,1,0
"아시아","기타 아시아","소계",농축수산물,소계,계,-,-,-,-,-,-,-,-,-,-,-,-,0,0,0,0,0
"아시아","기타 아시아","소계",농축수산물,소계,면세점,-,-,-,-,-,-,-,-,-,-,-,-,0,0,0,0,0
"아시아","기타 아시아","소계",농축수산물,소계,면세점 이외,-,-,-,-,-,-,-,-,-,-,-,-,0,0,0,0,0
"아시아","기타 아시아","소계",생활·자동차용품,소계,계,-,-,-,-,-,-,-,-,-,-,-,-,0,1,0,3,0
"아시아","기타 아시아","소계",생활·자동차용품,소계,면세점,-,-,-,-,-,-,-,-,-,-,-,-,0,0,0,0,0
"아시아","기타 아시아","소계",생활·자동차용품,소계,면세점 이외,-,-,-,-,-,-,-,-,-,-,-,-,0,1,0,3,0
"아시아","기타 아시아","소계",기 타,소계,계,-,-,-,-,-,-,-,-,-,-,-,-,2,3,6,2,0
"아시아","기타 아시아","소계",기 타,소계,면세점,-,-,-,-,-,-,-,-,-,-,-,-,0,0,0,0,0
"아시아","기타 아시아","소계",기 타,소계,면세점 이외,-,-,-,-,-,-,-,-,-,-,-,-,2,3,6,2,0
"북미","소계","소계",합계,소계,계,-,-,-,-,-,-,-,-,-,-,-,-,51047,61873,63165,74235,60069
"북미","소계","소계",합계,소계,면세점,-,-,-,-,-,-,-,-,-,-,-,-,239,374,1118,1739,697
"북미","소계","소계",합계,소계,면세점 이외,-,-,-,-,-,-,-,-,-,-,-,-,50808,61499,62047,72496,59372
"북미","소계","소계",컴퓨터 및 주변기기,소계,계,-,-,-,-,-,-,-,-,-,-,-,-,1520,1231,1028,1144,1050
"북미","소계","소계",컴퓨터 및 주변기기,소계,면세점,-,-,-,-,-,-,-,-,-,-,-,-,0,0,0,0,0
"북미","소계","소계",컴퓨터 및 주변기기,소계,면세점 이외,-,-,-,-,-,-,-,-,-,-,-,-,1520,1231,1028,1144,1050
"북미","소계","소계",가전·전자·통신기기,소계,계,-,-,-,-,-,-,-,-,-,-,-,-,1003,1045,471,968,1135
"북미","소계","소계",가전·전자·통신기기,소계,면세점,-,-,-,-,-,-,-,-,-,-,-,-,7,15,29,50,22
"북미","소계","소계",가전·전자·통신기기,소계,면세점 이외,-,-,-,-,-,-,-,-,-,-,-,-,996,1030,442,918,1113
"북미","소계","소계",가전·전자·통신기기,가전·전자,계,-,-,-,-,-,-,-,-,-,-,-,-,872,915,435,940,1070
"북미","소계","소계",가전·전자·통신기기,가전·전자,면세점,-,-,-,-,-,-,-,-,-,-,-,-,7,15,15,50,21
"북미","소계","소계",가전·전자·통신기기,가전·전자,면세점 이외,-,-,-,-,-,-,-,-,-,-,-,-,865,900,420,890,1049
"북미","소계","소계",가전·전자·통신기기,통신기기,계,-,-,-,-,-,-,-,-,-,-,-,-,131,130,36,28,65
"북미","소계","소계",가전·전자·통신기기,통신기기,면세점,-,-,-,-,-,-,-,-,-,-,-,-,0,0,14,0,1
"북미","소계","소계",가전·전자·통신기기,통신기기,면세점 이외,-,-,-,-,-,-,-,-,-,-,-,-,131,130,22,28,64
"북미","소계","소계",소프트웨어,소계,계,-,-,-,-,-,-,-,-,-,-,-,-,242,48,55,238,83
"북미","소계","소계",소프트웨어,소계,면세점,-,-,-,-,-,-,-,-,-,-,-,-,0,0,0,0,0
"북미","소계","소계",소프트웨어,소계,면세점 이외,-,-,-,-,-,-,-,-,-,-,-,-,242,48,55,238,83
"북미","소계","소계",서 적,소계,계,-,-,-,-,-,-,-,-,-,-,-,-,1488,1130,1306,1776,1263
"북미","소계","소계",서 적,소계,면세점,-,-,-,-,-,-,-,-,-,-,-,-,0,0,0,0,0
"북미","소계","소계",서 적,소계,면세점 이외,-,-,-,-,-,-,-,-,-,-,-,-,1488,1130,1306,1776,1263
"북미","소계","소계",사무·문구,소계,계,-,-,-,-,-,-,-,-,-,-,-,-,486,215,316,1760,587
"북미","소계","소계",사무·문구,소계,면세점,-,-,-,-,-,-,-,-,-,-,-,-,0,0,0,0,0
"북미","소계","소계",사무·문구,소계,면세점 이외,-,-,-,-,-,-,-,-,-,-,-,-,486,215,316,1760,587
"북미","소계","소계",음반·비디오·악기,소계,계,-,-,-,-,-,-,-,-,-,-,-,-,8647,12122,10206,13652,6776
"북미","소계","소계",음반·비디오·악기,소계,면세점,-,-,-,-,-,-,-,-,-,-,-,-,0,0,0,0,0
"북미","소계","소계",음반·비디오·악기,소계,면세점 이외,-,-,-,-,-,-,-,-,-,-,-,-,8647,12122,10206,13652,6776
"북미","소계","소계",의류 및 패션 관련 상품,소계,계,-,-,-,-,-,-,-,-,-,-,-,-,18586,20364,20933,28152,23246
"북미","소계","소계",의류 및 패션 관련 상품,소계,면세점,-,-,-,-,-,-,-,-,-,-,-,-,26,50,100,164,98
"북미","소계","소계",의류 및 패션 관련 상품,소계,면세점 이외,-,-,-,-,-,-,-,-,-,-,-,-,18560,20314,20833,27988,23148
"북미","소계","소계",스포츠·레저용품,소계,계,-,-,-,-,-,-,-,-,-,-,-,-,281,369,223,229,254
"북미","소계","소계",스포츠·레저용품,소계,면세점,-,-,-,-,-,-,-,-,-,-,-,-,0,0,0,0,0
"북미","소계","소계",스포츠·레저용품,소계,면세점 이외,-,-,-,-,-,-,-,-,-,-,-,-,281,369,223,229,254
"북미","소계","소계",화장품,소계,계,-,-,-,-,-,-,-,-,-,-,-,-,9115,14061,17372,13779,12822
"북미","소계","소계",화장품,소계,면세점,-,-,-,-,-,-,-,-,-,-,-,-,134,213,874,1376,433
"북미","소계","소계",화장품,소계,면세점 이외,-,-,-,-,-,-,-,-,-,-,-,-,8981,13848,16498,12403,12389
"북미","소계","소계",아동·유아용품,소계,계,-,-,-,-,-,-,-,-,-,-,-,-,486,306,398,430,329
"북미","소계","소계",아동·유아용품,소계,면세점,-,-,-,-,-,-,-,-,-,-,-,-,0,0,0,0,0
"북미","소계","소계",아동·유아용품,소계,면세점 이외,-,-,-,-,-,-,-,-,-,-,-,-,486,306,398,430,329
"북미","소계","소계",음·식료품,소계,계,-,-,-,-,-,-,-,-,-,-,-,-,1648,1748,1598,2205,2228
"북미","소계","소계",음·식료품,소계,면세점,-,-,-,-,-,-,-,-,-,-,-,-,72,96,115,149,144
"북미","소계","소계",음·식료품,소계,면세점 이외,-,-,-,-,-,-,-,-,-,-,-,-,1576,1652,1483,2056,2084
"북미","소계","소계",농축수산물,소계,계,-,-,-,-,-,-,-,-,-,-,-,-,11,8,3,10,8
"북미","소계","소계",농축수산물,소계,면세점,-,-,-,-,-,-,-,-,-,-,-,-,0,0,0,0,0
"북미","소계","소계",농축수산물,소계,면세점 이외,-,-,-,-,-,-,-,-,-,-,-,-,11,8,3,10,8
"북미","소계","소계",생활·자동차용품,소계,계,-,-,-,-,-,-,-,-,-,-,-,-,1247,1693,1948,2515,2161
"북미","소계","소계",생활·자동차용품,소계,면세점,-,-,-,-,-,-,-,-,-,-,-,-,0,0,0,0,0
"북미","소계","소계",생활·자동차용품,소계,면세점 이외,-,-,-,-,-,-,-,-,-,-,-,-,1247,1693,1948,2515,2161
"북미","소계","소계",기 타,소계,계,-,-,-,-,-,-,-,-,-,-,-,-,6287,7533,7308,7377,8127
"북미","소계","소계",기 타,소계,면세점,-,-,-,-,-,-,-,-,-,-,-,-,0,0,0,0,0
"북미","소계","소계",기 타,소계,면세점 이외,-,-,-,-,-,-,-,-,-,-,-,-,6287,7533,7308,7377,8127
"북미","미국","소계",합계,소계,계,49162,66097,67920,73390,70228,69414,68597,67044,55878,50779,49997,56551,49332,60356,61652,72022,58185
"북미","미국","소계",합계,소계,면세점,698,339,81,67,56,1742,107,108,127,220,222,362,222,362,1084,1700,670
"북미","미국","소계",합계,소계,면세점 이외,48464,65758,67839,73323,70172,67672,68490,66936,55751,50559,49775,56189,49110,59994,60568,70322,57515
"북미","미국","소계",컴퓨터 및 주변기기,소계,계,1182,1631,1871,1373,1665,2199,1661,1077,1020,976,839,1019,1419,1059,984,1067,1004
"북미","미국","소계",컴퓨터 및 주변기기,소계,면세점,0,0,0,0,0,0,0,0,0,0,0,0,0,0,0,0,0
"북미","미국","소계",컴퓨터 및 주변기기,소계,면세점 이외,1182,1631,1871,1373,1665,2199,1661,1077,1020,976,839,1019,1419,1059,984,1067,1004
"북미","미국","소계",가전·전자·통신기기,소계,계,1830,2824,3292,2177,1976,2306,1993,970,472,541,537,602,934,1018,422,919,1073
"북미","미국","소계",가전·전자·통신기기,소계,면세점,12,2,5,1,1,3,5,1,0,3,1,6,6,14,16,50,22
"북미","미국","소계",가전·전자·통신기기,소계,면세점 이외,1818,2822,3287,2176,1975,2303,1988,969,472,538,536,596,928,1004,406,869,1051
"북미","미국","소계",가전·전자·통신기기,가전·전자,계,-,-,-,-,-,-,-,-,-,-,-,-,822,893,401,894,1011
"북미","미국","소계",가전·전자·통신기기,가전·전자,면세점,-,-,-,-,-,-,-,-,-,-,-,-,6,14,15,50,21
"북미","미국","소계",가전·전자·통신기기,가전·전자,면세점 이외,-,-,-,-,-,-,-,-,-,-,-,-,816,879,386,844,990
"북미","미국","소계",가전·전자·통신기기,통신기기,계,-,-,-,-,-,-,-,-,-,-,-,-,112,125,21,25,62
"북미","미국","소계",가전·전자·통신기기,통신기기,면세점,-,-,-,-,-,-,-,-,-,-,-,-,0,0,1,0,1
"북미","미국","소계",가전·전자·통신기기,통신기기,면세점 이외,-,-,-,-,-,-,-,-,-,-,-,-,112,125,20,25,61
"북미","미국","소계",소프트웨어,소계,계,135,182,215,333,172,178,193,323,88,50,87,268,240,48,55,238,83
"북미","미국","소계",소프트웨어,소계,면세점,0,0,0,0,0,0,0,0,0,0,0,0,0,0,0,0,0
"북미","미국","소계",소프트웨어,소계,면세점 이외,135,182,215,333,172,178,193,323,88,50,87,268,240,48,55,238,83
"북미","미국","소계",서 적,소계,계,2135,2407,2583,2584,1769,1524,1550,1883,1568,1361,1434,1306,1408,1078,1237,1653,1212
"북미","미국","소계",서 적,소계,면세점,0,0,0,0,0,0,0,0,0,0,0,0,0,0,0,0,0
"북미","미국","소계",서 적,소계,면세점 이외,2135,2407,2583,2584,1769,1524,1550,1883,1568,1361,1434,1306,1408,1078,1237,1653,1212
"북미","미국","소계",사무·문구,소계,계,74,85,87,152,1402,384,1293,360,629,943,290,1032,477,208,310,1656,554
"북미","미국","소계",사무·문구,소계,면세점,0,0,0,0,0,0,0,0,0,0,0,1,0,0,0,0,0
"북미","미국","소계",사무·문구,소계,면세점 이외,74,85,87,152,1402,384,1293,360,629,943,290,1031,477,208,310,1656,554
"북미","미국","소계",음반·비디오·악기,소계,계,5258,7516,9854,10291,12039,9547,10176,10130,7348,7884,7589,6992,8032,11710,9893,13034,6542
"북미","미국","소계",음반·비디오·악기,소계,면세점,0,0,0,0,0,0,0,0,0,0,0,0,0,0,0,0,0
"북미","미국","소계",음반·비디오·악기,소계,면세점 이외,5258,7516,9854,10291,12039,9547,10176,10130,7348,7884,7589,6992,8032,11710,9893,13034,6542
"북미","미국","소계",의류 및 패션 관련 상품,소계,계,12779,23149,22002,24277,20223,23916,23951,27954,20257,20987,20138,25312,18251,20269,20556,27688,22905
"북미","미국","소계",의류 및 패션 관련 상품,소계,면세점,36,5,22,0,14,10,14,21,6,32,38,40,25,49,97,162,96
"북미","미국","소계",의류 및 패션 관련 상품,소계,면세점 이외,12743,23154,21980,24277,20209,23906,23937,27933,20251,20955,20100,25272,18226,20220,20459,27526,22809
"북미","미국","소계",스포츠·레저용품,소계,계,953,1641,1791,1477,1010,1299,1824,819,321,278,427,670,273,360,214,221,241
"북미","미국","소계",스포츠·레저용품,소계,면세점,0,0,0,0,0,0,0,0,0,0,0,0,0,0,0,0,0
"북미","미국","소계",스포츠·레저용품,소계,면세점 이외,953,1641,1791,1477,1010,1299,1824,819,321,278,427,670,273,360,214,221,241
"북미","미국","소계",화장품,소계,계,12471,11819,12089,14130,11965,10684,8677,10489,9537,7245,7407,9535,8762,13484,16841,13452,11942
"북미","미국","소계",화장품,소계,면세점,625,337,47,54,28,1707,69,51,99,133,108,208,130,208,864,1359,420
"북미","미국","소계",화장품,소계,면세점 이외,11846,11482,12042,14076,11937,8977,8608,10438,9438,7112,7299,9327,8632,13276,15977,12093,11522
"북미","미국","소계",아동·유아용품,소계,계,945,1344,1243,1402,2126,1819,1550,939,572,529,353,539,475,295,390,421,323
"북미","미국","소계",아동·유아용품,소계,면세점,0,0,0,0,0,0,0,0,0,0,0,0,0,0,0,0,0
"북미","미국","소계",아동·유아용품,소계,면세점 이외,945,1344,1243,1402,2126,1819,1550,939,572,529,353,539,475,295,390,421,323
"북미","미국","소계",음·식료품,소계,계,1189,478,473,615,628,830,1131,1324,1769,1210,1070,920,1630,1737,1566,2069,2096
"북미","미국","소계",음·식료품,소계,면세점,25,5,7,12,13,22,19,35,22,52,75,107,61,91,107,129,132
"북미","미국","소계",음·식료품,소계,면세점 이외,1164,473,466,603,615,808,1112,1289,1747,1158,995,813,1569,1646,1459,1940,1964
"북미","미국","소계",농축수산물,소계,계,2,12,8,11,10,1,4,5,10,15,10,9,11,8,3,10,8
"북미","미국","소계",농축수산물,소계,면세점,0,0,0,0,0,0,0,0,0,0,0,0,0,0,0,0,0
"북미","미국","소계",농축수산물,소계,면세점 이외,2,12,8,11,10,1,4,5,10,15,10,9,11,8,3,10,8
"북미","미국","소계",생활·자동차용품,소계,계,2256,3217,3028,2966,2683,2953,2877,1180,528,532,1399,1830,1231,1675,1933,2473,2127
"북미","미국","소계",생활·자동차용품,소계,면세점,0,0,0,0,0,0,0,0,0,0,0,0,0,0,0,0,0
"북미","미국","소계",생활·자동차용품,소계,면세점 이외,2256,3217,3028,2966,2683,2953,2877,1180,528,532,1399,1830,1231,1675,1933,2473,2127
"북미","미국","소계",기 타,소계,계,7953,9792,9384,11602,12559,11776,11720,9590,11759,8228,8416,6520,6189,7407,7248,7121,8075
"북미","미국","소계",기 타,소계,면세점,0,0,0,0,0,0,0,0,0,0,0,0,0,0,0,0,0
"북미","미국","소계",기 타,소계,면세점 이외,7953,9792,9384,11602,12559,11776,11720,9590,11759,8228,8416,6520,6189,7407,7248,7121,8075
"북미","캐나다","소계",합계,소계,계,-,-,-,-,-,-,-,-,-,-,-,-,1715,1517,1513,2213,1884
"북미","캐나다","소계",합계,소계,면세점,-,-,-,-,-,-,-,-,-,-,-,-,17,12,34,39,27
"북미","캐나다","소계",합계,소계,면세점 이외,-,-,-,-,-,-,-,-,-,-,-,-,1698,1505,1479,2174,1857
"북미","캐나다","소계",컴퓨터 및 주변기기,소계,계,-,-,-,-,-,-,-,-,-,-,-,-,101,172,44,77,46
"북미","캐나다","소계",컴퓨터 및 주변기기,소계,면세점,-,-,-,-,-,-,-,-,-,-,-,-,0,0,0,0,0
"북미","캐나다","소계",컴퓨터 및 주변기기,소계,면세점 이외,-,-,-,-,-,-,-,-,-,-,-,-,101,172,44,77,46
"북미","캐나다","소계",가전·전자·통신기기,소계,계,-,-,-,-,-,-,-,-,-,-,-,-,69,27,49,49,62
"북미","캐나다","소계",가전·전자·통신기기,소계,면세점,-,-,-,-,-,-,-,-,-,-,-,-,1,1,13,0,0
"북미","캐나다","소계",가전·전자·통신기기,소계,면세점 이외,-,-,-,-,-,-,-,-,-,-,-,-,68,26,36,49,62
"북미","캐나다","소계",가전·전자·통신기기,가전·전자,계,-,-,-,-,-,-,-,-,-,-,-,-,50,22,34,46,59
"북미","캐나다","소계",가전·전자·통신기기,가전·전자,면세점,-,-,-,-,-,-,-,-,-,-,-,-,1,1,0,0,0
"북미","캐나다","소계",가전·전자·통신기기,가전·전자,면세점 이외,-,-,-,-,-,-,-,-,-,-,-,-,49,21,34,46,59
"북미","캐나다","소계",가전·전자·통신기기,통신기기,계,-,-,-,-,-,-,-,-,-,-,-,-,19,5,15,3,3
"북미","캐나다","소계",가전·전자·통신기기,통신기기,면세점,-,-,-,-,-,-,-,-,-,-,-,-,0,0,13,0,0
"북미","캐나다","소계",가전·전자·통신기기,통신기기,면세점 이외,-,-,-,-,-,-,-,-,-,-,-,-,19,5,2,3,3
"북미","캐나다","소계",소프트웨어,소계,계,-,-,-,-,-,-,-,-,-,-,-,-,2,0,0,0,0
"북미","캐나다","소계",소프트웨어,소계,면세점,-,-,-,-,-,-,-,-,-,-,-,-,0,0,0,0,0
"북미","캐나다","소계",소프트웨어,소계,면세점 이외,-,-,-,-,-,-,-,-,-,-,-,-,2,0,0,0,0
"북미","캐나다","소계",서 적,소계,계,-,-,-,-,-,-,-,-,-,-,-,-,80,52,69,123,51
"북미","캐나다","소계",서 적,소계,면세점,-,-,-,-,-,-,-,-,-,-,-,-,0,0,0,0,0
"북미","캐나다","소계",서 적,소계,면세점 이외,-,-,-,-,-,-,-,-,-,-,-,-,80,52,69,123,51
"북미","캐나다","소계",사무·문구,소계,계,-,-,-,-,-,-,-,-,-,-,-,-,9,7,6,104,33
"북미","캐나다","소계",사무·문구,소계,면세점,-,-,-,-,-,-,-,-,-,-,-,-,0,0,0,0,0
"북미","캐나다","소계",사무·문구,소계,면세점 이외,-,-,-,-,-,-,-,-,-,-,-,-,9,7,6,104,33
"북미","캐나다","소계",음반·비디오·악기,소계,계,-,-,-,-,-,-,-,-,-,-,-,-,615,412,313,618,234
"북미","캐나다","소계",음반·비디오·악기,소계,면세점,-,-,-,-,-,-,-,-,-,-,-,-,0,0,0,0,0
"북미","캐나다","소계",음반·비디오·악기,소계,면세점 이외,-,-,-,-,-,-,-,-,-,-,-,-,615,412,313,618,234
"북미","캐나다","소계",의류 및 패션 관련 상품,소계,계,-,-,-,-,-,-,-,-,-,-,-,-,335,95,377,464,341
"북미","캐나다","소계",의류 및 패션 관련 상품,소계,면세점,-,-,-,-,-,-,-,-,-,-,-,-,1,1,3,2,2
"북미","캐나다","소계",의류 및 패션 관련 상품,소계,면세점 이외,-,-,-,-,-,-,-,-,-,-,-,-,334,94,374,462,339
"북미","캐나다","소계",스포츠·레저용품,소계,계,-,-,-,-,-,-,-,-,-,-,-,-,8,9,9,8,13
"북미","캐나다","소계",스포츠·레저용품,소계,면세점,-,-,-,-,-,-,-,-,-,-,-,-,0,0,0,0,0
"북미","캐나다","소계",스포츠·레저용품,소계,면세점 이외,-,-,-,-,-,-,-,-,-,-,-,-,8,9,9,8,13
"북미","캐나다","소계",화장품,소계,계,-,-,-,-,-,-,-,-,-,-,-,-,353,577,531,327,880
"북미","캐나다","소계",화장품,소계,면세점,-,-,-,-,-,-,-,-,-,-,-,-,4,5,10,17,13
"북미","캐나다","소계",화장품,소계,면세점 이외,-,-,-,-,-,-,-,-,-,-,-,-,349,572,521,310,867
"북미","캐나다","소계",아동·유아용품,소계,계,-,-,-,-,-,-,-,-,-,-,-,-,11,11,8,9,6
"북미","캐나다","소계",아동·유아용품,소계,면세점,-,-,-,-,-,-,-,-,-,-,-,-,0,0,0,0,0
"북미","캐나다","소계",아동·유아용품,소계,면세점 이외,-,-,-,-,-,-,-,-,-,-,-,-,11,11,8,9,6
"북미","캐나다","소계",음·식료품,소계,계,-,-,-,-,-,-,-,-,-,-,-,-,18,11,32,136,132
"북미","캐나다","소계",음·식료품,소계,면세점,-,-,-,-,-,-,-,-,-,-,-,-,11,5,8,20,12
"북미","캐나다","소계",음·식료품,소계,면세점 이외,-,-,-,-,-,-,-,-,-,-,-,-,7,6,24,116,120
"북미","캐나다","소계",농축수산물,소계,계,-,-,-,-,-,-,-,-,-,-,-,-,0,0,0,0,0
"북미","캐나다","소계",농축수산물,소계,면세점,-,-,-,-,-,-,-,-,-,-,-,-,0,0,0,0,0
"북미","캐나다","소계",농축수산물,소계,면세점 이외,-,-,-,-,-,-,-,-,-,-,-,-,0,0,0,0,0
"북미","캐나다","소계",생활·자동차용품,소계,계,-,-,-,-,-,-,-,-,-,-,-,-,16,18,15,42,34
"북미","캐나다","소계",생활·자동차용품,소계,면세점,-,-,-,-,-,-,-,-,-,-,-,-,0,0,0,0,0
"북미","캐나다","소계",생활·자동차용품,소계,면세점 이외,-,-,-,-,-,-,-,-,-,-,-,-,16,18,15,42,34
"북미","캐나다","소계",기 타,소계,계,-,-,-,-,-,-,-,-,-,-,-,-,98,126,60,256,52
"북미","캐나다","소계",기 타,소계,면세점,-,-,-,-,-,-,-,-,-,-,-,-,0,0,0,0,0
"북미","캐나다","소계",기 타,소계,면세점 이외,-,-,-,-,-,-,-,-,-,-,-,-,98,126,60,256,52
"유럽","소계","소계",합계,소계,계,-,-,-,-,-,-,-,-,-,-,-,-,6385,10084,15350,7255,5908
"유럽","소계","소계",합계,소계,면세점,-,-,-,-,-,-,-,-,-,-,-,-,88,216,160,56,41
"유럽","소계","소계",합계,소계,면세점 이외,-,-,-,-,-,-,-,-,-,-,-,-,6297,9868,15190,7199,5867
"유럽","소계","소계",컴퓨터 및 주변기기,소계,계,-,-,-,-,-,-,-,-,-,-,-,-,1892,1312,1436,1507,1400
"유럽","소계","소계",컴퓨터 및 주변기기,소계,면세점,-,-,-,-,-,-,-,-,-,-,-,-,0,0,0,0,0
"유럽","소계","소계",컴퓨터 및 주변기기,소계,면세점 이외,-,-,-,-,-,-,-,-,-,-,-,-,1892,1312,1436,1507,1400
"유럽","소계","소계",가전·전자·통신기기,소계,계,-,-,-,-,-,-,-,-,-,-,-,-,281,326,430,477,782
"유럽","소계","소계",가전·전자·통신기기,소계,면세점,-,-,-,-,-,-,-,-,-,-,-,-,6,1,6,3,0
"유럽","소계","소계",가전·전자·통신기기,소계,면세점 이외,-,-,-,-,-,-,-,-,-,-,-,-,275,325,424,474,782
"유럽","소계","소계",가전·전자·통신기기,가전·전자,계,-,-,-,-,-,-,-,-,-,-,-,-,234,255,289,315,289
"유럽","소계","소계",가전·전자·통신기기,가전·전자,면세점,-,-,-,-,-,-,-,-,-,-,-,-,0,1,6,3,0
"유럽","소계","소계",가전·전자·통신기기,가전·전자,면세점 이외,-,-,-,-,-,-,-,-,-,-,-,-,234,254,283,312,289
"유럽","소계","소계",가전·전자·통신기기,통신기기,계,-,-,-,-,-,-,-,-,-,-,-,-,47,71,141,162,493
"유럽","소계","소계",가전·전자·통신기기,통신기기,면세점,-,-,-,-,-,-,-,-,-,-,-,-,6,0,0,0,0
"유럽","소계","소계",가전·전자·통신기기,통신기기,면세점 이외,-,-,-,-,-,-,-,-,-,-,-,-,41,71,141,162,493
"유럽","소계","소계",소프트웨어,소계,계,-,-,-,-,-,-,-,-,-,-,-,-,7,0,0,0,0
"유럽","소계","소계",소프트웨어,소계,면세점,-,-,-,-,-,-,-,-,-,-,-,-,0,0,0,0,0
"유럽","소계","소계",소프트웨어,소계,면세점 이외,-,-,-,-,-,-,-,-,-,-,-,-,7,0,0,0,0
"유럽","소계","소계",서 적,소계,계,-,-,-,-,-,-,-,-,-,-,-,-,171,144,260,316,162
"유럽","소계","소계",서 적,소계,면세점,-,-,-,-,-,-,-,-,-,-,-,-,0,0,0,0,0
"유럽","소계","소계",서 적,소계,면세점 이외,-,-,-,-,-,-,-,-,-,-,-,-,171,144,260,316,162
"유럽","소계","소계",사무·문구,소계,계,-,-,-,-,-,-,-,-,-,-,-,-,36,13,8,224,82
"유럽","소계","소계",사무·문구,소계,면세점,-,-,-,-,-,-,-,-,-,-,-,-,0,0,0,0,0
"유럽","소계","소계",사무·문구,소계,면세점 이외,-,-,-,-,-,-,-,-,-,-,-,-,36,13,8,224,82
"유럽","소계","소계",음반·비디오·악기,소계,계,-,-,-,-,-,-,-,-,-,-,-,-,2101,6173,11330,2830,908
"유럽","소계","소계",음반·비디오·악기,소계,면세점,-,-,-,-,-,-,-,-,-,-,-,-,0,0,0,0,0
"유럽","소계","소계",음반·비디오·악기,소계,면세점 이외,-,-,-,-,-,-,-,-,-,-,-,-,2101,6173,11330,2830,908
"유럽","소계","소계",의류 및 패션 관련 상품,소계,계,-,-,-,-,-,-,-,-,-,-,-,-,765,1090,854,820,1100
"유럽","소계","소계",의류 및 패션 관련 상품,소계,면세점,-,-,-,-,-,-,-,-,-,-,-,-,25,36,46,9,5
"유럽","소계","소계",의류 및 패션 관련 상품,소계,면세점 이외,-,-,-,-,-,-,-,-,-,-,-,-,740,1054,808,811,1095
"유럽","소계","소계",스포츠·레저용품,소계,계,-,-,-,-,-,-,-,-,-,-,-,-,422,18,15,13,20
"유럽","소계","소계",스포츠·레저용품,소계,면세점,-,-,-,-,-,-,-,-,-,-,-,-,0,0,0,0,0
"유럽","소계","소계",스포츠·레저용품,소계,면세점 이외,-,-,-,-,-,-,-,-,-,-,-,-,422,18,15,13,20
"유럽","소계","소계",화장품,소계,계,-,-,-,-,-,-,-,-,-,-,-,-,492,632,714,670,1035
"유럽","소계","소계",화장품,소계,면세점,-,-,-,-,-,-,-,-,-,-,-,-,49,167,92,38,28
"유럽","소계","소계",화장품,소계,면세점 이외,-,-,-,-,-,-,-,-,-,-,-,-,443,465,622,632,1007
"유럽","소계","소계",아동·유아용품,소계,계,-,-,-,-,-,-,-,-,-,-,-,-,55,35,78,26,8
"유럽","소계","소계",아동·유아용품,소계,면세점,-,-,-,-,-,-,-,-,-,-,-,-,0,0,0,0,0
"유럽","소계","소계",아동·유아용품,소계,면세점 이외,-,-,-,-,-,-,-,-,-,-,-,-,55,35,78,26,8
"유럽","소계","소계",음·식료품,소계,계,-,-,-,-,-,-,-,-,-,-,-,-,46,37,24,27,33
"유럽","소계","소계",음·식료품,소계,면세점,-,-,-,-,-,-,-,-,-,-,-,-,8,12,16,6,8
"유럽","소계","소계",음·식료품,소계,면세점 이외,-,-,-,-,-,-,-,-,-,-,-,-,38,25,8,21,25
"유럽","소계","소계",농축수산물,소계,계,-,-,-,-,-,-,-,-,-,-,-,-,0,0,0,0,0
"유럽","소계","소계",농축수산물,소계,면세점,-,-,-,-,-,-,-,-,-,-,-,-,0,0,0,0,0
"유럽","소계","소계",농축수산물,소계,면세점 이외,-,-,-,-,-,-,-,-,-,-,-,-,0,0,0,0,0
"유럽","소계","소계",생활·자동차용품,소계,계,-,-,-,-,-,-,-,-,-,-,-,-,12,15,42,105,182
"유럽","소계","소계",생활·자동차용품,소계,면세점,-,-,-,-,-,-,-,-,-,-,-,-,0,0,0,0,0
"유럽","소계","소계",생활·자동차용품,소계,면세점 이외,-,-,-,-,-,-,-,-,-,-,-,-,12,15,42,105,182
"유럽","소계","소계",기 타,소계,계,-,-,-,-,-,-,-,-,-,-,-,-,105,289,159,240,196
"유럽","소계","소계",기 타,소계,면세점,-,-,-,-,-,-,-,-,-,-,-,-,0,0,0,0,0
"유럽","소계","소계",기 타,소계,면세점 이외,-,-,-,-,-,-,-,-,-,-,-,-,105,289,159,240,196
"유럽","유럽연합+영국","소계",합계,소계,계,11024,9542,10080,10196,10331,8733,7141,5489,3646,4726,4413,4830,5716,9164,14599,6612,5448
"유럽","유럽연합+영국","소계",합계,소계,면세점,294,338,329,16,17,10,7,10,24,5,19,23,26,14,29,52,36
"유럽","유럽연합+영국","소계",합계,소계,면세점 이외,10730,9204,9751,10180,10314,8723,7134,5479,3622,4721,4394,4807,5690,9150,14570,6560,5412
"유럽","유럽연합+영국","소계",컴퓨터 및 주변기기,소계,계,694,334,524,358,511,304,249,295,206,336,1056,1568,1859,1253,1413,1459,1371
"유럽","유럽연합+영국","소계",컴퓨터 및 주변기기,소계,면세점,0,0,0,0,0,0,0,0,0,0,0,0,0,0,0,0,0
"유럽","유럽연합+영국","소계",컴퓨터 및 주변기기,소계,면세점 이외,694,334,524,358,511,304,249,295,206,336,1056,1568,1859,1253,1413,1459,1371
"유럽","유럽연합+영국","소계",가전·전자·통신기기,소계,계,943,593,946,559,586,482,484,246,61,109,101,165,277,321,419,467,763
"유럽","유럽연합+영국","소계",가전·전자·통신기기,소계,면세점,1,0,0,0,0,0,0,0,0,0,0,1,6,0,0,3,0
"유럽","유럽연합+영국","소계",가전·전자·통신기기,소계,면세점 이외,942,593,946,559,586,482,484,246,61,109,101,164,271,321,419,464,763
"유럽","유럽연합+영국","소계",가전·전자·통신기기,가전·전자,계,-,-,-,-,-,-,-,-,-,-,-,-,230,250,278,305,270
"유럽","유럽연합+영국","소계",가전·전자·통신기기,가전·전자,면세점,-,-,-,-,-,-,-,-,-,-,-,-,0,0,0,3,0
"유럽","유럽연합+영국","소계",가전·전자·통신기기,가전·전자,면세점 이외,-,-,-,-,-,-,-,-,-,-,-,-,230,250,278,302,270
"유럽","유럽연합+영국","소계",가전·전자·통신기기,통신기기,계,-,-,-,-,-,-,-,-,-,-,-,-,47,71,141,162,493
"유럽","유럽연합+영국","소계",가전·전자·통신기기,통신기기,면세점,-,-,-,-,-,-,-,-,-,-,-,-,6,0,0,0,0
"유럽","유럽연합+영국","소계",가전·전자·통신기기,통신기기,면세점 이외,-,-,-,-,-,-,-,-,-,-,-,-,41,71,141,162,493
"유럽","유럽연합+영국","소계",소프트웨어,소계,계,26,26,22,25,21,27,23,8,0,0,0,0,7,0,0,0,0
"유럽","유럽연합+영국","소계",소프트웨어,소계,면세점,0,0,0,0,0,0,0,0,0,0,0,0,0,0,0,0,0
"유럽","유럽연합+영국","소계",소프트웨어,소계,면세점 이외,26,26,22,25,21,27,23,8,0,0,0,0,7,0,0,0,0
"유럽","유럽연합+영국","소계",서 적,소계,계,72,127,150,165,261,190,228,284,207,344,241,142,167,141,249,259,155
"유럽","유럽연합+영국","소계",서 적,소계,면세점,0,0,0,0,0,0,0,0,0,0,0,0,0,0,0,0,0
"유럽","유럽연합+영국","소계",서 적,소계,면세점 이외,72,127,150,165,261,190,228,284,207,344,241,142,167,141,249,259,155
"유럽","유럽연합+영국","소계",사무·문구,소계,계,8,8,4,5,19,15,26,19,26,10,9,25,36,12,8,211,76
"유럽","유럽연합+영국","소계",사무·문구,소계,면세점,0,0,0,0,0,0,0,0,0,0,0,0,0,0,0,0,0
"유럽","유럽연합+영국","소계",사무·문구,소계,면세점 이외,8,8,4,5,19,15,26,19,26,10,9,25,36,12,8,211,76
"유럽","유럽연합+영국","소계",음반·비디오·악기,소계,계,2728,2636,2958,3770,3103,2702,2189,1642,1113,2144,1253,1018,1981,5916,11092,2501,812
"유럽","유럽연합+영국","소계",음반·비디오·악기,소계,면세점,0,0,0,0,0,0,0,0,0,0,0,0,0,0,0,0,0
"유럽","유럽연합+영국","소계",음반·비디오·악기,소계,면세점 이외,2728,2636,2958,3770,3103,2702,2189,1642,1113,2144,1253,1018,1981,5916,11092,2501,812
"유럽","유럽연합+영국","소계",의류 및 패션 관련 상품,소계,계,813,1765,1276,1274,1116,1351,1020,1229,1057,1231,1122,1032,651,835,661,777,1066
"유럽","유럽연합+영국","소계",의류 및 패션 관련 상품,소계,면세점,6,0,0,2,2,5,2,1,20,2,8,7,4,2,10,9,4
"유럽","유럽연합+영국","소계",의류 및 패션 관련 상품,소계,면세점 이외,807,1765,1276,1272,1114,1346,1018,1228,1037,1229,1114,1025,647,833,651,768,1062
"유럽","유럽연합+영국","소계",스포츠·레저용품,소계,계,211,192,418,476,416,143,251,360,305,18,20,300,301,16,13,12,16
"유럽","유럽연합+영국","소계",스포츠·레저용품,소계,면세점,0,0,0,0,0,0,0,0,0,0,0,0,0,0,0,0,0
"유럽","유럽연합+영국","소계",스포츠·레저용품,소계,면세점 이외,211,192,418,476,416,143,251,360,305,18,20,300,301,16,13,12,16
"유럽","유럽연합+영국","소계",화장품,소계,계,3108,1988,1867,1524,1457,1311,783,531,222,397,288,311,268,348,517,562,845
"유럽","유럽연합+영국","소계",화장품,소계,면세점,283,337,329,14,15,4,5,8,4,2,10,11,12,10,14,34,25
"유럽","유럽연합+영국","소계",화장품,소계,면세점 이외,2825,1651,1538,1510,1442,1307,778,523,218,395,278,300,256,338,503,528,820
"유럽","유럽연합+영국","소계",아동·유아용품,소계,계,367,316,284,387,689,523,419,167,46,25,17,53,15,18,22,26,8
"유럽","유럽연합+영국","소계",아동·유아용품,소계,면세점,0,0,0,0,0,0,0,0,0,0,0,0,0,0,0,0,0
"유럽","유럽연합+영국","소계",아동·유아용품,소계,면세점 이외,367,316,284,387,689,523,419,167,46,25,17,53,15,18,22,26,8
"유럽","유럽연합+영국","소계",음·식료품,소계,계,382,20,10,16,16,18,11,11,9,18,11,19,42,27,13,27,32
"유럽","유럽연합+영국","소계",음·식료품,소계,면세점,4,1,0,0,0,1,0,1,0,1,1,4,4,2,5,6,7
"유럽","유럽연합+영국","소계",음·식료품,소계,면세점 이외,378,19,10,16,16,17,11,10,9,17,10,15,38,25,8,21,25
"유럽","유럽연합+영국","소계",농축수산물,소계,계,0,0,0,0,0,0,0,0,0,0,0,0,0,0,0,0,0
"유럽","유럽연합+영국","소계",농축수산물,소계,면세점,0,0,0,0,0,0,0,0,0,0,0,0,0,0,0,0,0
"유럽","유럽연합+영국","소계",농축수산물,소계,면세점 이외,0,0,0,0,0,0,0,0,0,0,0,0,0,0,0,0,0
"유럽","유럽연합+영국","소계",생활·자동차용품,소계,계,694,632,637,597,670,591,469,209,23,15,29,21,11,10,41,84,114
"유럽","유럽연합+영국","소계",생활·자동차용품,소계,면세점,0,0,0,0,0,0,0,0,0,0,0,0,0,0,0,0,0
"유럽","유럽연합+영국","소계",생활·자동차용품,소계,면세점 이외,694,632,637,597,670,591,469,209,23,15,29,21,11,10,41,84,114
"유럽","유럽연합+영국","소계",기 타,소계,계,978,905,984,1040,1467,1074,990,487,374,80,268,179,101,267,151,227,190
"유럽","유럽연합+영국","소계",기 타,소계,면세점,0,0,0,0,0,0,0,0,0,0,0,0,0,0,0,0,0
"유럽","유럽연합+영국","소계",기 타,소계,면세점 이외,978,905,984,1040,1467,1074,990,487,374,80,268,179,101,267,151,227,190
"유럽","유럽연합+영국","유럽연합",합계,소계,계,-,-,-,-,-,-,-,-,-,-,-,-,4457,7702,13506,5232,4448
"유럽","유럽연합+영국","유럽연합",합계,소계,면세점,-,-,-,-,-,-,-,-,-,-,-,-,26,14,27,45,34
"유럽","유럽연합+영국","유럽연합",합계,소계,면세점 이외,-,-,-,-,-,-,-,-,-,-,-,-,4431,7688,13479,5187,4414
"유럽","유럽연합+영국","유럽연합",컴퓨터 및 주변기기,소계,계,-,-,-,-,-,-,-,-,-,-,-,-,1736,1173,1357,1397,1283
"유럽","유럽연합+영국","유럽연합",컴퓨터 및 주변기기,소계,면세점,-,-,-,-,-,-,-,-,-,-,-,-,0,0,0,0,0
"유럽","유럽연합+영국","유럽연합",컴퓨터 및 주변기기,소계,면세점 이외,-,-,-,-,-,-,-,-,-,-,-,-,1736,1173,1357,1397,1283
"유럽","유럽연합+영국","유럽연합",가전·전자·통신기기,소계,계,-,-,-,-,-,-,-,-,-,-,-,-,240,209,367,391,725
"유럽","유럽연합+영국","유럽연합",가전·전자·통신기기,소계,면세점,-,-,-,-,-,-,-,-,-,-,-,-,6,0,0,3,0
"유럽","유럽연합+영국","유럽연합",가전·전자·통신기기,소계,면세점 이외,-,-,-,-,-,-,-,-,-,-,-,-,234,209,367,388,725
"유럽","유럽연합+영국","유럽연합",가전·전자·통신기기,가전·전자,계,-,-,-,-,-,-,-,-,-,-,-,-,199,143,226,229,232
"유럽","유럽연합+영국","유럽연합",가전·전자·통신기기,가전·전자,면세점,-,-,-,-,-,-,-,-,-,-,-,-,0,0,0,3,0
"유럽","유럽연합+영국","유럽연합",가전·전자·통신기기,가전·전자,면세점 이외,-,-,-,-,-,-,-,-,-,-,-,-,199,143,226,226,232
"유럽","유럽연합+영국","유럽연합",가전·전자·통신기기,통신기기,계,-,-,-,-,-,-,-,-,-,-,-,-,41,66,141,162,493
"유럽","유럽연합+영국","유럽연합",가전·전자·통신기기,통신기기,면세점,-,-,-,-,-,-,-,-,-,-,-,-,6,0,0,0,0
"유럽","유럽연합+영국","유럽연합",가전·전자·통신기기,통신기기,면세점 이외,-,-,-,-,-,-,-,-,-,-,-,-,35,66,141,162,493
"유럽","유럽연합+영국","유럽연합",소프트웨어,소계,계,-,-,-,-,-,-,-,-,-,-,-,-,5,0,0,0,0
"유럽","유럽연합+영국","유럽연합",소프트웨어,소계,면세점,-,-,-,-,-,-,-,-,-,-,-,-,0,0,0,0,0
"유럽","유럽연합+영국","유럽연합",소프트웨어,소계,면세점 이외,-,-,-,-,-,-,-,-,-,-,-,-,5,0,0,0,0
"유럽","유럽연합+영국","유럽연합",서 적,소계,계,-,-,-,-,-,-,-,-,-,-,-,-,134,113,219,228,125
"유럽","유럽연합+영국","유럽연합",서 적,소계,면세점,-,-,-,-,-,-,-,-,-,-,-,-,0,0,0,0,0
"유럽","유럽연합+영국","유럽연합",서 적,소계,면세점 이외,-,-,-,-,-,-,-,-,-,-,-,-,134,113,219,228,125
"유럽","유럽연합+영국","유럽연합",사무·문구,소계,계,-,-,-,-,-,-,-,-,-,-,-,-,12,10,7,177,66
"유럽","유럽연합+영국","유럽연합",사무·문구,소계,면세점,-,-,-,-,-,-,-,-,-,-,-,-,0,0,0,0,0
"유럽","유럽연합+영국","유럽연합",사무·문구,소계,면세점 이외,-,-,-,-,-,-,-,-,-,-,-,-,12,10,7,177,66
"유럽","유럽연합+영국","유럽연합",음반·비디오·악기,소계,계,-,-,-,-,-,-,-,-,-,-,-,-,1292,5178,10585,1913,569
"유럽","유럽연합+영국","유럽연합",음반·비디오·악기,소계,면세점,-,-,-,-,-,-,-,-,-,-,-,-,0,0,0,0,0
"유럽","유럽연합+영국","유럽연합",음반·비디오·악기,소계,면세점 이외,-,-,-,-,-,-,-,-,-,-,-,-,1292,5178,10585,1913,569
"유럽","유럽연합+영국","유럽연합",의류 및 패션 관련 상품,소계,계,-,-,-,-,-,-,-,-,-,-,-,-,423,522,512,504,739
"유럽","유럽연합+영국","유럽연합",의류 및 패션 관련 상품,소계,면세점,-,-,-,-,-,-,-,-,-,-,-,-,4,2,10,6,4
"유럽","유럽연합+영국","유럽연합",의류 및 패션 관련 상품,소계,면세점 이외,-,-,-,-,-,-,-,-,-,-,-,-,419,520,502,498,735
"유럽","유럽연합+영국","유럽연합",스포츠·레저용품,소계,계,-,-,-,-,-,-,-,-,-,-,-,-,299,11,8,10,12
"유럽","유럽연합+영국","유럽연합",스포츠·레저용품,소계,면세점,-,-,-,-,-,-,-,-,-,-,-,-,0,0,0,0,0
"유럽","유럽연합+영국","유럽연합",스포츠·레저용품,소계,면세점 이외,-,-,-,-,-,-,-,-,-,-,-,-,299,11,8,10,12
"유럽","유럽연합+영국","유럽연합",화장품,소계,계,-,-,-,-,-,-,-,-,-,-,-,-,223,275,284,386,718
"유럽","유럽연합+영국","유럽연합",화장품,소계,면세점,-,-,-,-,-,-,-,-,-,-,-,-,12,10,14,31,25
"유럽","유럽연합+영국","유럽연합",화장품,소계,면세점 이외,-,-,-,-,-,-,-,-,-,-,-,-,211,265,270,355,693
"유럽","유럽연합+영국","유럽연합",아동·유아용품,소계,계,-,-,-,-,-,-,-,-,-,-,-,-,12,14,15,18,6
"유럽","유럽연합+영국","유럽연합",아동·유아용품,소계,면세점,-,-,-,-,-,-,-,-,-,-,-,-,0,0,0,0,0
"유럽","유럽연합+영국","유럽연합",아동·유아용품,소계,면세점 이외,-,-,-,-,-,-,-,-,-,-,-,-,12,14,15,18,6
"유럽","유럽연합+영국","유럽연합",음·식료품,소계,계,-,-,-,-,-,-,-,-,-,-,-,-,15,9,7,10,11
"유럽","유럽연합+영국","유럽연합",음·식료품,소계,면세점,-,-,-,-,-,-,-,-,-,-,-,-,4,2,3,5,5
"유럽","유럽연합+영국","유럽연합",음·식료품,소계,면세점 이외,-,-,-,-,-,-,-,-,-,-,-,-,11,7,4,5,6
"유럽","유럽연합+영국","유럽연합",농축수산물,소계,계,-,-,-,-,-,-,-,-,-,-,-,-,0,0,0,0,0
"유럽","유럽연합+영국","유럽연합",농축수산물,소계,면세점,-,-,-,-,-,-,-,-,-,-,-,-,0,0,0,0,0
"유럽","유럽연합+영국","유럽연합",농축수산물,소계,면세점 이외,-,-,-,-,-,-,-,-,-,-,-,-,0,0,0,0,0
"유럽","유럽연합+영국","유럽연합",생활·자동차용품,소계,계,-,-,-,-,-,-,-,-,-,-,-,-,6,7,40,54,90
"유럽","유럽연합+영국","유럽연합",생활·자동차용품,소계,면세점,-,-,-,-,-,-,-,-,-,-,-,-,0,0,0,0,0
"유럽","유럽연합+영국","유럽연합",생활·자동차용품,소계,면세점 이외,-,-,-,-,-,-,-,-,-,-,-,-,6,7,40,54,90
"유럽","유럽연합+영국","유럽연합",기 타,소계,계,-,-,-,-,-,-,-,-,-,-,-,-,60,181,105,144,104
"유럽","유럽연합+영국","유럽연합",기 타,소계,면세점,-,-,-,-,-,-,-,-,-,-,-,-,0,0,0,0,0
"유럽","유럽연합+영국","유럽연합",기 타,소계,면세점 이외,-,-,-,-,-,-,-,-,-,-,-,-,60,181,105,144,104
"유럽","유럽연합+영국","영국",합계,소계,계,-,-,-,-,-,-,-,-,-,-,-,-,1259,1462,1093,1380,1000
"유럽","유럽연합+영국","영국",합계,소계,면세점,-,-,-,-,-,-,-,-,-,-,-,-,0,0,2,7,2
"유럽","유럽연합+영국","영국",합계,소계,면세점 이외,-,-,-,-,-,-,-,-,-,-,-,-,1259,1462,1091,1373,998
"유럽","유럽연합+영국","영국",컴퓨터 및 주변기기,소계,계,-,-,-,-,-,-,-,-,-,-,-,-,123,80,56,62,88
"유럽","유럽연합+영국","영국",컴퓨터 및 주변기기,소계,면세점,-,-,-,-,-,-,-,-,-,-,-,-,0,0,0,0,0
"유럽","유럽연합+영국","영국",컴퓨터 및 주변기기,소계,면세점 이외,-,-,-,-,-,-,-,-,-,-,-,-,123,80,56,62,88
"유럽","유럽연합+영국","영국",가전·전자·통신기기,소계,계,-,-,-,-,-,-,-,-,-,-,-,-,37,112,52,76,38
"유럽","유럽연합+영국","영국",가전·전자·통신기기,소계,면세점,-,-,-,-,-,-,-,-,-,-,-,-,0,0,0,0,0
"유럽","유럽연합+영국","영국",가전·전자·통신기기,소계,면세점 이외,-,-,-,-,-,-,-,-,-,-,-,-,37,112,52,76,38
"유럽","유럽연합+영국","영국",가전·전자·통신기기,가전·전자,계,-,-,-,-,-,-,-,-,-,-,-,-,31,107,52,76,38
"유럽","유럽연합+영국","영국",가전·전자·통신기기,가전·전자,면세점,-,-,-,-,-,-,-,-,-,-,-,-,0,0,0,0,0
"유럽","유럽연합+영국","영국",가전·전자·통신기기,가전·전자,면세점 이외,-,-,-,-,-,-,-,-,-,-,-,-,31,107,52,76,38
"유럽","유럽연합+영국","영국",가전·전자·통신기기,통신기기,계,-,-,-,-,-,-,-,-,-,-,-,-,6,5,0,0,0
"유럽","유럽연합+영국","영국",가전·전자·통신기기,통신기기,면세점,-,-,-,-,-,-,-,-,-,-,-,-,0,0,0,0,0
"유럽","유럽연합+영국","영국",가전·전자·통신기기,통신기기,면세점 이외,-,-,-,-,-,-,-,-,-,-,-,-,6,5,0,0,0
"유럽","유럽연합+영국","영국",소프트웨어,소계,계,-,-,-,-,-,-,-,-,-,-,-,-,2,0,0,0,0
"유럽","유럽연합+영국","영국",소프트웨어,소계,면세점,-,-,-,-,-,-,-,-,-,-,-,-,0,0,0,0,0
"유럽","유럽연합+영국","영국",소프트웨어,소계,면세점 이외,-,-,-,-,-,-,-,-,-,-,-,-,2,0,0,0,0
"유럽","유럽연합+영국","영국",서 적,소계,계,-,-,-,-,-,-,-,-,-,-,-,-,33,28,30,31,30
"유럽","유럽연합+영국","영국",서 적,소계,면세점,-,-,-,-,-,-,-,-,-,-,-,-,0,0,0,0,0
"유럽","유럽연합+영국","영국",서 적,소계,면세점 이외,-,-,-,-,-,-,-,-,-,-,-,-,33,28,30,31,30
"유럽","유럽연합+영국","영국",사무·문구,소계,계,-,-,-,-,-,-,-,-,-,-,-,-,24,2,1,34,10
"유럽","유럽연합+영국","영국",사무·문구,소계,면세점,-,-,-,-,-,-,-,-,-,-,-,-,0,0,0,0,0
"유럽","유럽연합+영국","영국",사무·문구,소계,면세점 이외,-,-,-,-,-,-,-,-,-,-,-,-,24,2,1,34,10
"유럽","유럽연합+영국","영국",음반·비디오·악기,소계,계,-,-,-,-,-,-,-,-,-,-,-,-,689,738,507,588,243
"유럽","유럽연합+영국","영국",음반·비디오·악기,소계,면세점,-,-,-,-,-,-,-,-,-,-,-,-,0,0,0,0,0
"유럽","유럽연합+영국","영국",음반·비디오·악기,소계,면세점 이외,-,-,-,-,-,-,-,-,-,-,-,-,689,738,507,588,243
"유럽","유럽연합+영국","영국",의류 및 패션 관련 상품,소계,계,-,-,-,-,-,-,-,-,-,-,-,-,228,313,149,273,327
"유럽","유럽연합+영국","영국",의류 및 패션 관련 상품,소계,면세점,-,-,-,-,-,-,-,-,-,-,-,-,0,0,0,3,0
"유럽","유럽연합+영국","영국",의류 및 패션 관련 상품,소계,면세점 이외,-,-,-,-,-,-,-,-,-,-,-,-,228,313,149,270,327
"유럽","유럽연합+영국","영국",스포츠·레저용품,소계,계,-,-,-,-,-,-,-,-,-,-,-,-,2,5,5,2,4
"유럽","유럽연합+영국","영국",스포츠·레저용품,소계,면세점,-,-,-,-,-,-,-,-,-,-,-,-,0,0,0,0,0
"유럽","유럽연합+영국","영국",스포츠·레저용품,소계,면세점 이외,-,-,-,-,-,-,-,-,-,-,-,-,2,5,5,2,4
"유럽","유럽연합+영국","영국",화장품,소계,계,-,-,-,-,-,-,-,-,-,-,-,-,45,73,233,176,127
"유럽","유럽연합+영국","영국",화장품,소계,면세점,-,-,-,-,-,-,-,-,-,-,-,-,0,0,0,3,0
"유럽","유럽연합+영국","영국",화장품,소계,면세점 이외,-,-,-,-,-,-,-,-,-,-,-,-,45,73,233,173,127
"유럽","유럽연합+영국","영국",아동·유아용품,소계,계,-,-,-,-,-,-,-,-,-,-,-,-,3,4,7,8,2
"유럽","유럽연합+영국","영국",아동·유아용품,소계,면세점,-,-,-,-,-,-,-,-,-,-,-,-,0,0,0,0,0
"유럽","유럽연합+영국","영국",아동·유아용품,소계,면세점 이외,-,-,-,-,-,-,-,-,-,-,-,-,3,4,7,8,2
"유럽","유럽연합+영국","영국",음·식료품,소계,계,-,-,-,-,-,-,-,-,-,-,-,-,27,18,6,17,21
"유럽","유럽연합+영국","영국",음·식료품,소계,면세점,-,-,-,-,-,-,-,-,-,-,-,-,0,0,2,1,2
"유럽","유럽연합+영국","영국",음·식료품,소계,면세점 이외,-,-,-,-,-,-,-,-,-,-,-,-,27,18,4,16,19
"유럽","유럽연합+영국","영국",농축수산물,소계,계,-,-,-,-,-,-,-,-,-,-,-,-,0,0,0,0,0
"유럽","유럽연합+영국","영국",농축수산물,소계,면세점,-,-,-,-,-,-,-,-,-,-,-,-,0,0,0,0,0
"유럽","유럽연합+영국","영국",농축수산물,소계,면세점 이외,-,-,-,-,-,-,-,-,-,-,-,-,0,0,0,0,0
"유럽","유럽연합+영국","영국",생활·자동차용품,소계,계,-,-,-,-,-,-,-,-,-,-,-,-,5,3,1,30,24
"유럽","유럽연합+영국","영국",생활·자동차용품,소계,면세점,-,-,-,-,-,-,-,-,-,-,-,-,0,0,0,0,0
"유럽","유럽연합+영국","영국",생활·자동차용품,소계,면세점 이외,-,-,-,-,-,-,-,-,-,-,-,-,5,3,1,30,24
"유럽","유럽연합+영국","영국",기 타,소계,계,-,-,-,-,-,-,-,-,-,-,-,-,41,86,46,83,86
"유럽","유럽연합+영국","영국",기 타,소계,면세점,-,-,-,-,-,-,-,-,-,-,-,-,0,0,0,0,0
"유럽","유럽연합+영국","영국",기 타,소계,면세점 이외,-,-,-,-,-,-,-,-,-,-,-,-,41,86,46,83,86
"유럽","기타 유럽","소계",합계,소계,계,-,-,-,-,-,-,-,-,-,-,-,-,669,920,751,643,460
"유럽","기타 유럽","소계",합계,소계,면세점,-,-,-,-,-,-,-,-,-,-,-,-,62,202,131,4,5
"유럽","기타 유럽","소계",합계,소계,면세점 이외,-,-,-,-,-,-,-,-,-,-,-,-,607,718,620,639,455
"유럽","기타 유럽","소계",컴퓨터 및 주변기기,소계,계,-,-,-,-,-,-,-,-,-,-,-,-,33,59,23,48,29
"유럽","기타 유럽","소계",컴퓨터 및 주변기기,소계,면세점,-,-,-,-,-,-,-,-,-,-,-,-,0,0,0,0,0
"유럽","기타 유럽","소계",컴퓨터 및 주변기기,소계,면세점 이외,-,-,-,-,-,-,-,-,-,-,-,-,33,59,23,48,29
"유럽","기타 유럽","소계",가전·전자·통신기기,소계,계,-,-,-,-,-,-,-,-,-,-,-,-,4,5,11,10,19
"유럽","기타 유럽","소계",가전·전자·통신기기,소계,면세점,-,-,-,-,-,-,-,-,-,-,-,-,0,1,6,0,0
"유럽","기타 유럽","소계",가전·전자·통신기기,소계,면세점 이외,-,-,-,-,-,-,-,-,-,-,-,-,4,4,5,10,19
"유럽","기타 유럽","소계",가전·전자·통신기기,가전·전자,계,-,-,-,-,-,-,-,-,-,-,-,-,4,5,11,10,19
"유럽","기타 유럽","소계",가전·전자·통신기기,가전·전자,면세점,-,-,-,-,-,-,-,-,-,-,-,-,0,1,6,0,0
"유럽","기타 유럽","소계",가전·전자·통신기기,가전·전자,면세점 이외,-,-,-,-,-,-,-,-,-,-,-,-,4,4,5,10,19
"유럽","기타 유럽","소계",가전·전자·통신기기,통신기기,계,-,-,-,-,-,-,-,-,-,-,-,-,0,0,0,0,0
"유럽","기타 유럽","소계",가전·전자·통신기기,통신기기,면세점,-,-,-,-,-,-,-,-,-,-,-,-,0,0,0,0,0
"유럽","기타 유럽","소계",가전·전자·통신기기,통신기기,면세점 이외,-,-,-,-,-,-,-,-,-,-,-,-,0,0,0,0,0
"유럽","기타 유럽","소계",소프트웨어,소계,계,-,-,-,-,-,-,-,-,-,-,-,-,0,0,0,0,0
"유럽","기타 유럽","소계",소프트웨어,소계,면세점,-,-,-,-,-,-,-,-,-,-,-,-,0,0,0,0,0
"유럽","기타 유럽","소계",소프트웨어,소계,면세점 이외,-,-,-,-,-,-,-,-,-,-,-,-,0,0,0,0,0
"유럽","기타 유럽","소계",서 적,소계,계,-,-,-,-,-,-,-,-,-,-,-,-,4,3,11,57,7
"유럽","기타 유럽","소계",서 적,소계,면세점,-,-,-,-,-,-,-,-,-,-,-,-,0,0,0,0,0
"유럽","기타 유럽","소계",서 적,소계,면세점 이외,-,-,-,-,-,-,-,-,-,-,-,-,4,3,11,57,7
"유럽","기타 유럽","소계",사무·문구,소계,계,-,-,-,-,-,-,-,-,-,-,-,-,0,1,0,13,6
"유럽","기타 유럽","소계",사무·문구,소계,면세점,-,-,-,-,-,-,-,-,-,-,-,-,0,0,0,0,0
"유럽","기타 유럽","소계",사무·문구,소계,면세점 이외,-,-,-,-,-,-,-,-,-,-,-,-,0,1,0,13,6
"유럽","기타 유럽","소계",음반·비디오·악기,소계,계,-,-,-,-,-,-,-,-,-,-,-,-,120,257,238,329,96
"유럽","기타 유럽","소계",음반·비디오·악기,소계,면세점,-,-,-,-,-,-,-,-,-,-,-,-,0,0,0,0,0
"유럽","기타 유럽","소계",음반·비디오·악기,소계,면세점 이외,-,-,-,-,-,-,-,-,-,-,-,-,120,257,238,329,96
"유럽","기타 유럽","소계",의류 및 패션 관련 상품,소계,계,-,-,-,-,-,-,-,-,-,-,-,-,114,255,193,43,34
"유럽","기타 유럽","소계",의류 및 패션 관련 상품,소계,면세점,-,-,-,-,-,-,-,-,-,-,-,-,21,34,36,0,1
"유럽","기타 유럽","소계",의류 및 패션 관련 상품,소계,면세점 이외,-,-,-,-,-,-,-,-,-,-,-,-,93,221,157,43,33
"유럽","기타 유럽","소계",스포츠·레저용품,소계,계,-,-,-,-,-,-,-,-,-,-,-,-,121,2,2,1,4
"유럽","기타 유럽","소계",스포츠·레저용품,소계,면세점,-,-,-,-,-,-,-,-,-,-,-,-,0,0,0,0,0
"유럽","기타 유럽","소계",스포츠·레저용품,소계,면세점 이외,-,-,-,-,-,-,-,-,-,-,-,-,121,2,2,1,4
"유럽","기타 유럽","소계",화장품,소계,계,-,-,-,-,-,-,-,-,-,-,-,-,224,284,197,108,190
"유럽","기타 유럽","소계",화장품,소계,면세점,-,-,-,-,-,-,-,-,-,-,-,-,37,157,78,4,3
"유럽","기타 유럽","소계",화장품,소계,면세점 이외,-,-,-,-,-,-,-,-,-,-,-,-,187,127,119,104,187
"유럽","기타 유럽","소계",아동·유아용품,소계,계,-,-,-,-,-,-,-,-,-,-,-,-,40,17,56,0,0
"유럽","기타 유럽","소계",아동·유아용품,소계,면세점,-,-,-,-,-,-,-,-,-,-,-,-,0,0,0,0,0
"유럽","기타 유럽","소계",아동·유아용품,소계,면세점 이외,-,-,-,-,-,-,-,-,-,-,-,-,40,17,56,0,0
"유럽","기타 유럽","소계",음·식료품,소계,계,-,-,-,-,-,-,-,-,-,-,-,-,4,10,11,0,1
"유럽","기타 유럽","소계",음·식료품,소계,면세점,-,-,-,-,-,-,-,-,-,-,-,-,4,10,11,0,1
"유럽","기타 유럽","소계",음·식료품,소계,면세점 이외,-,-,-,-,-,-,-,-,-,-,-,-,0,0,0,0,0
"유럽","기타 유럽","소계",농축수산물,소계,계,-,-,-,-,-,-,-,-,-,-,-,-,0,0,0,0,0
"유럽","기타 유럽","소계",농축수산물,소계,면세점,-,-,-,-,-,-,-,-,-,-,-,-,0,0,0,0,0
"유럽","기타 유럽","소계",농축수산물,소계,면세점 이외,-,-,-,-,-,-,-,-,-,-,-,-,0,0,0,0,0
"유럽","기타 유럽","소계",생활·자동차용품,소계,계,-,-,-,-,-,-,-,-,-,-,-,-,1,5,1,21,68
"유럽","기타 유럽","소계",생활·자동차용품,소계,면세점,-,-,-,-,-,-,-,-,-,-,-,-,0,0,0,0,0
"유럽","기타 유럽","소계",생활·자동차용품,소계,면세점 이외,-,-,-,-,-,-,-,-,-,-,-,-,1,5,1,21,68
"유럽","기타 유럽","소계",기 타,소계,계,-,-,-,-,-,-,-,-,-,-,-,-,4,22,8,13,6
"유럽","기타 유럽","소계",기 타,소계,면세점,-,-,-,-,-,-,-,-,-,-,-,-,0,0,0,0,0
"유럽","기타 유럽","소계",기 타,소계,면세점 이외,-,-,-,-,-,-,-,-,-,-,-,-,4,22,8,13,6
"대양주","소계","소계",합계,소계,계,3187,3903,4701,4480,4134,3845,4621,3018,2242,2033,2096,1823,1817,1933,1896,2069,1234
"대양주","소계","소계",합계,소계,면세점,18,2,1,1,5,0,1,0,0,6,2,14,15,11,12,16,17
"대양주","소계","소계",합계,소계,면세점 이외,3169,3905,4702,4479,4129,3845,4620,3018,2242,2027,2094,1809,1802,1922,1884,2053,1217
"대양주","소계","소계",컴퓨터 및 주변기기,소계,계,93,73,96,56,70,87,81,32,11,14,62,50,80,58,37,28,21
"대양주","소계","소계",컴퓨터 및 주변기기,소계,면세점,0,0,0,0,0,0,0,0,0,0,0,0,0,0,0,0,0
"대양주","소계","소계",컴퓨터 및 주변기기,소계,면세점 이외,93,73,96,56,70,87,81,32,11,14,62,50,80,58,37,28,21
"대양주","소계","소계",가전·전자·통신기기,소계,계,348,1030,1317,1139,966,830,873,332,31,29,22,19,48,35,21,21,28
"대양주","소계","소계",가전·전자·통신기기,소계,면세점,9,0,0,0,0,0,0,0,0,0,0,1,0,0,0,1,2
"대양주","소계","소계",가전·전자·통신기기,소계,면세점 이외,339,1030,1317,1139,966,830,873,332,31,29,22,18,48,35,21,20,26
"대양주","소계","소계",가전·전자·통신기기,가전·전자,계,-,-,-,-,-,-,-,-,-,-,-,-,42,35,18,21,27
"대양주","소계","소계",가전·전자·통신기기,가전·전자,면세점,-,-,-,-,-,-,-,-,-,-,-,-,0,0,0,1,1
"대양주","소계","소계",가전·전자·통신기기,가전·전자,면세점 이외,-,-,-,-,-,-,-,-,-,-,-,-,42,35,18,20,26
"대양주","소계","소계",가전·전자·통신기기,통신기기,계,-,-,-,-,-,-,-,-,-,-,-,-,6,0,3,0,1
"대양주","소계","소계",가전·전자·통신기기,통신기기,면세점,-,-,-,-,-,-,-,-,-,-,-,-,0,0,0,0,1
"대양주","소계","소계",가전·전자·통신기기,통신기기,면세점 이외,-,-,-,-,-,-,-,-,-,-,-,-,6,0,3,0,0
"대양주","소계","소계",소프트웨어,소계,계,4,6,5,5,5,5,8,2,0,0,0,0,9,0,0,0,0
"대양주","소계","소계",소프트웨어,소계,면세점,0,0,0,0,0,0,0,0,0,0,0,0,0,0,0,0,0
"대양주","소계","소계",소프트웨어,소계,면세점 이외,4,6,5,5,5,5,8,2,0,0,0,0,9,0,0,0,0
"대양주","소계","소계",서 적,소계,계,73,92,121,81,91,100,130,130,97,110,93,80,94,119,144,171,89
"대양주","소계","소계",서 적,소계,면세점,0,0,0,0,0,0,0,0,0,0,0,0,0,0,0,0,0
"대양주","소계","소계",서 적,소계,면세점 이외,73,92,121,81,91,100,130,130,97,110,93,80,94,119,144,171,89
"대양주","소계","소계",사무·문구,소계,계,5,7,4,5,5,8,21,29,15,23,11,9,4,3,3,43,14
"대양주","소계","소계",사무·문구,소계,면세점,0,0,0,0,0,0,0,0,0,0,0,0,0,0,0,0,0
"대양주","소계","소계",사무·문구,소계,면세점 이외,5,7,4,5,5,8,21,29,15,23,11,9,4,3,3,43,14
"대양주","소계","소계",음반·비디오·악기,소계,계,308,371,553,568,553,512,614,402,222,383,249,153,538,784,707,798,228
"대양주","소계","소계",음반·비디오·악기,소계,면세점,0,0,0,0,0,0,0,0,0,0,0,0,0,0,0,0,0
"대양주","소계","소계",음반·비디오·악기,소계,면세점 이외,308,371,553,568,553,512,614,402,222,383,249,153,538,784,707,798,228
"대양주","소계","소계",의류 및 패션 관련 상품,소계,계,479,909,1082,1279,1070,1170,1229,1297,1126,1264,1364,1142,722,782,826,795,626
"대양주","소계","소계",의류 및 패션 관련 상품,소계,면세점,4,2,1,0,5,0,1,0,0,0,0,5,4,2,1,3,3
"대양주","소계","소계",의류 및 패션 관련 상품,소계,면세점 이외,475,911,1081,1279,1065,1170,1228,1297,1126,1264,1364,1137,718,780,825,792,623
"대양주","소계","소계",스포츠·레저용품,소계,계,77,95,195,323,248,87,479,227,203,12,13,202,196,5,4,3,6
"대양주","소계","소계",스포츠·레저용품,소계,면세점,0,0,0,0,0,0,0,0,0,0,0,0,0,0,0,0,0
"대양주","소계","소계",스포츠·레저용품,소계,면세점 이외,77,95,195,323,248,87,479,227,203,12,13,202,196,5,4,3,6
"대양주","소계","소계",화장품,소계,계,717,659,615,471,465,431,489,241,117,84,69,54,43,38,54,88,103
"대양주","소계","소계",화장품,소계,면세점,4,0,2,1,0,0,0,0,0,1,1,2,5,5,5,4,6
"대양주","소계","소계",화장품,소계,면세점 이외,713,659,617,470,465,431,489,241,117,83,68,52,38,33,49,84,97
"대양주","소계","소계",아동·유아용품,소계,계,141,129,119,95,96,82,122,68,36,17,16,12,15,20,13,10,5
"대양주","소계","소계",아동·유아용품,소계,면세점,0,0,0,0,0,0,0,0,0,0,0,0,0,0,0,0,0
"대양주","소계","소계",아동·유아용품,소계,면세점 이외,141,129,119,95,96,82,122,68,36,17,16,12,15,20,13,10,5
"대양주","소계","소계",음·식료품,소계,계,386,14,3,1,4,9,13,7,2,9,10,13,12,11,12,27,19
"대양주","소계","소계",음·식료품,소계,면세점,1,0,0,0,0,0,0,0,0,5,1,6,6,4,6,8,6
"대양주","소계","소계",음·식료품,소계,면세점 이외,385,14,3,1,4,9,13,7,2,4,9,7,6,7,6,19,13
"대양주","소계","소계",농축수산물,소계,계,0,1,0,0,0,0,0,1,0,0,0,0,0,0,0,0,0
"대양주","소계","소계",농축수산물,소계,면세점,0,0,0,0,0,0,0,0,0,0,0,0,0,0,0,0,0
"대양주","소계","소계",농축수산물,소계,면세점 이외,0,1,0,0,0,0,0,1,0,0,0,0,0,0,0,0,0
"대양주","소계","소계",생활·자동차용품,소계,계,286,322,343,247,283,289,282,120,38,24,25,16,17,11,13,28,49
"대양주","소계","소계",생활·자동차용품,소계,면세점,0,0,0,0,0,0,0,0,0,0,0,0,0,0,0,0,0
"대양주","소계","소계",생활·자동차용품,소계,면세점 이외,286,322,343,247,283,289,282,120,38,24,25,16,17,11,13,28,49
"대양주","소계","소계",기 타,소계,계,270,195,248,210,278,234,280,129,342,66,160,73,39,67,62,57,46
"대양주","소계","소계",기 타,소계,면세점,0,0,0,0,0,0,0,0,0,0,0,0,0,0,0,0,0
"대양주","소계","소계",기 타,소계,면세점 이외,270,195,248,210,278,234,280,129,342,66,160,73,39,67,62,57,46
"중남미","소계","소계",합계,소계,계,3446,2459,3076,3582,2320,2393,2208,1501,782,1977,1217,1053,1943,1824,2114,2030,851
"중남미","소계","소계",합계,소계,면세점,0,0,0,0,0,0,0,0,0,0,0,1,1,0,0,2,1
"중남미","소계","소계",합계,소계,면세점 이외,3446,2459,3076,3582,2320,2393,2208,1501,782,1977,1217,1052,1942,1824,2114,2028,850
"중남미","소계","소계",컴퓨터 및 주변기기,소계,계,42,97,154,69,58,146,115,35,13,16,21,95,198,84,124,63,38
"중남미","소계","소계",컴퓨터 및 주변기기,소계,면세점,0,0,0,0,0,0,0,0,0,0,0,0,0,0,0,0,0
"중남미","소계","소계",컴퓨터 및 주변기기,소계,면세점 이외,42,97,154,69,58,146,115,35,13,16,21,95,198,84,124,63,38
"중남미","소계","소계",가전·전자·통신기기,소계,계,184,238,257,233,186,168,143,72,17,46,20,39,30,50,24,27,28
"중남미","소계","소계",가전·전자·통신기기,소계,면세점,0,0,0,0,0,0,0,0,0,0,0,0,0,0,0,0,0
"중남미","소계","소계",가전·전자·통신기기,소계,면세점 이외,184,238,257,233,186,168,143,72,17,46,20,39,30,50,24,27,28
"중남미","소계","소계",가전·전자·통신기기,가전·전자,계,-,-,-,-,-,-,-,-,-,-,-,-,15,16,19,19,27
"중남미","소계","소계",가전·전자·통신기기,가전·전자,면세점,-,-,-,-,-,-,-,-,-,-,-,-,0,0,0,0,0
"중남미","소계","소계",가전·전자·통신기기,가전·전자,면세점 이외,-,-,-,-,-,-,-,-,-,-,-,-,15,16,19,19,27
"중남미","소계","소계",가전·전자·통신기기,통신기기,계,-,-,-,-,-,-,-,-,-,-,-,-,15,34,5,8,1
"중남미","소계","소계",가전·전자·통신기기,통신기기,면세점,-,-,-,-,-,-,-,-,-,-,-,-,0,0,0,0,0
"중남미","소계","소계",가전·전자·통신기기,통신기기,면세점 이외,-,-,-,-,-,-,-,-,-,-,-,-,15,34,5,8,1
"중남미","소계","소계",소프트웨어,소계,계,4,4,3,4,2,3,4,1,0,0,0,0,0,0,0,0,0
"중남미","소계","소계",소프트웨어,소계,면세점,0,0,0,0,0,0,0,0,0,0,0,0,0,0,0,0,0
"중남미","소계","소계",소프트웨어,소계,면세점 이외,4,4,3,4,2,3,4,1,0,0,0,0,0,0,0,0,0
"중남미","소계","소계",서 적,소계,계,160,3,6,19,103,66,67,129,85,187,118,35,76,43,69,125,52
"중남미","소계","소계",서 적,소계,면세점,0,0,0,0,0,0,0,0,0,0,0,0,0,0,0,0,0
"중남미","소계","소계",서 적,소계,면세점 이외,160,3,6,19,103,66,67,129,85,187,118,35,76,43,69,125,52
"중남미","소계","소계",사무·문구,소계,계,0,1,1,1,0,4,11,10,4,7,4,7,6,5,12,105,33
"중남미","소계","소계",사무·문구,소계,면세점,0,0,0,0,0,0,0,0,0,0,0,0,0,0,0,0,0
"중남미","소계","소계",사무·문구,소계,면세점 이외,0,1,1,1,0,4,11,10,4,7,4,7,6,5,12,105,33
"중남미","소계","소계",음반·비디오·악기,소계,계,1183,1332,1628,2278,1107,1064,1032,855,539,1469,884,745,1506,1490,1717,1542,521
"중남미","소계","소계",음반·비디오·악기,소계,면세점,0,0,0,0,0,0,0,0,0,0,0,0,0,0,0,0,0
"중남미","소계","소계",음반·비디오·악기,소계,면세점 이외,1183,1332,1628,2278,1107,1064,1032,855,539,1469,884,745,1506,1490,1717,1542,521
"중남미","소계","소계",의류 및 패션 관련 상품,소계,계,114,107,142,251,162,194,189,105,53,93,30,34,20,28,26,36,24
"중남미","소계","소계",의류 및 패션 관련 상품,소계,면세점,0,0,0,0,0,0,0,0,0,0,0,0,0,0,0,0,1
"중남미","소계","소계",의류 및 패션 관련 상품,소계,면세점 이외,114,107,142,251,162,194,189,105,53,93,30,34,20,28,26,36,23
"중남미","소계","소계",스포츠·레저용품,소계,계,49,34,51,49,30,44,29,17,0,1,1,0,3,8,0,1,3
"중남미","소계","소계",스포츠·레저용품,소계,면세점,0,0,0,0,0,0,0,0,0,0,0,0,0,0,0,0,0
"중남미","소계","소계",스포츠·레저용품,소계,면세점 이외,49,34,51,49,30,44,29,17,0,1,1,0,3,8,0,1,3
"중남미","소계","소계",화장품,소계,계,414,170,200,170,170,125,131,77,44,123,66,31,29,27,26,31,38
"중남미","소계","소계",화장품,소계,면세점,0,0,0,0,0,0,0,0,0,0,0,0,0,0,0,2,0
"중남미","소계","소계",화장품,소계,면세점 이외,414,170,200,170,170,125,131,77,44,123,66,31,29,27,26,29,38
"중남미","소계","소계",아동·유아용품,소계,계,51,33,32,35,44,58,36,16,6,4,4,9,21,21,12,15,5
"중남미","소계","소계",아동·유아용품,소계,면세점,0,0,0,0,0,0,0,0,0,0,0,0,0,0,0,0,0
"중남미","소계","소계",아동·유아용품,소계,면세점 이외,51,33,32,35,44,58,36,16,6,4,4,9,21,21,12,15,5
"중남미","소계","소계",음·식료품,소계,계,774,0,0,0,0,0,0,4,2,0,4,3,2,0,0,1,0
"중남미","소계","소계",음·식료품,소계,면세점,0,0,0,0,0,0,0,0,0,0,0,1,1,0,0,0,0
"중남미","소계","소계",음·식료품,소계,면세점 이외,774,0,0,0,0,0,0,4,2,0,4,2,1,0,0,1,0
"중남미","소계","소계",농축수산물,소계,계,0,0,0,0,0,0,0,0,0,0,0,0,0,0,0,0,0
"중남미","소계","소계",농축수산물,소계,면세점,0,0,0,0,0,0,0,0,0,0,0,0,0,0,0,0,0
"중남미","소계","소계",농축수산물,소계,면세점 이외,0,0,0,0,0,0,0,0,0,0,0,0,0,0,0,0,0
"중남미","소계","소계",생활·자동차용품,소계,계,334,295,394,338,321,352,277,118,9,7,14,13,34,18,13,32,67
"중남미","소계","소계",생활·자동차용품,소계,면세점,0,0,0,0,0,0,0,0,0,0,0,0,0,0,0,0,0
"중남미","소계","소계",생활·자동차용품,소계,면세점 이외,334,295,394,338,321,352,277,118,9,7,14,13,34,18,13,32,67
"중남미","소계","소계",기 타,소계,계,137,145,208,135,136,170,174,62,7,24,53,40,18,50,91,52,42
"중남미","소계","소계",기 타,소계,면세점,0,0,0,0,0,0,0,0,0,0,0,0,0,0,0,0,0
"중남미","소계","소계",기 타,소계,면세점 이외,137,145,208,135,136,170,174,62,7,24,53,40,18,50,91,52,42
"아프리카","소계","소계",합계,소계,계,-,-,-,-,-,-,-,-,-,-,-,-,60,106,72,129,89
"아프리카","소계","소계",합계,소계,면세점,-,-,-,-,-,-,-,-,-,-,-,-,0,0,0,0,0
"아프리카","소계","소계",합계,소계,면세점 이외,-,-,-,-,-,-,-,-,-,-,-,-,60,106,72,129,89
"아프리카","소계","소계",컴퓨터 및 주변기기,소계,계,-,-,-,-,-,-,-,-,-,-,-,-,11,38,12,8,9
"아프리카","소계","소계",컴퓨터 및 주변기기,소계,면세점,-,-,-,-,-,-,-,-,-,-,-,-,0,0,0,0,0
"아프리카","소계","소계",컴퓨터 및 주변기기,소계,면세점 이외,-,-,-,-,-,-,-,-,-,-,-,-,11,38,12,8,9
"아프리카","소계","소계",가전·전자·통신기기,소계,계,-,-,-,-,-,-,-,-,-,-,-,-,19,20,7,3,11
"아프리카","소계","소계",가전·전자·통신기기,소계,면세점,-,-,-,-,-,-,-,-,-,-,-,-,0,0,0,0,0
"아프리카","소계","소계",가전·전자·통신기기,소계,면세점 이외,-,-,-,-,-,-,-,-,-,-,-,-,19,20,7,3,11
"아프리카","소계","소계",가전·전자·통신기기,가전·전자,계,-,-,-,-,-,-,-,-,-,-,-,-,1,0,1,1,2
"아프리카","소계","소계",가전·전자·통신기기,가전·전자,면세점,-,-,-,-,-,-,-,-,-,-,-,-,0,0,0,0,0
"아프리카","소계","소계",가전·전자·통신기기,가전·전자,면세점 이외,-,-,-,-,-,-,-,-,-,-,-,-,1,0,1,1,2
"아프리카","소계","소계",가전·전자·통신기기,통신기기,계,-,-,-,-,-,-,-,-,-,-,-,-,18,20,6,2,9
"아프리카","소계","소계",가전·전자·통신기기,통신기기,면세점,-,-,-,-,-,-,-,-,-,-,-,-,0,0,0,0,0
"아프리카","소계","소계",가전·전자·통신기기,통신기기,면세점 이외,-,-,-,-,-,-,-,-,-,-,-,-,18,20,6,2,9
"아프리카","소계","소계",소프트웨어,소계,계,-,-,-,-,-,-,-,-,-,-,-,-,0,0,0,0,0
"아프리카","소계","소계",소프트웨어,소계,면세점,-,-,-,-,-,-,-,-,-,-,-,-,0,0,0,0,0
"아프리카","소계","소계",소프트웨어,소계,면세점 이외,-,-,-,-,-,-,-,-,-,-,-,-,0,0,0,0,0
"아프리카","소계","소계",서 적,소계,계,-,-,-,-,-,-,-,-,-,-,-,-,0,0,0,0,0
"아프리카","소계","소계",서 적,소계,면세점,-,-,-,-,-,-,-,-,-,-,-,-,0,0,0,0,0
"아프리카","소계","소계",서 적,소계,면세점 이외,-,-,-,-,-,-,-,-,-,-,-,-,0,0,0,0,0
"아프리카","소계","소계",사무·문구,소계,계,-,-,-,-,-,-,-,-,-,-,-,-,0,0,0,1,0
"아프리카","소계","소계",사무·문구,소계,면세점,-,-,-,-,-,-,-,-,-,-,-,-,0,0,0,0,0
"아프리카","소계","소계",사무·문구,소계,면세점 이외,-,-,-,-,-,-,-,-,-,-,-,-,0,0,0,1,0
"아프리카","소계","소계",음반·비디오·악기,소계,계,-,-,-,-,-,-,-,-,-,-,-,-,18,18,19,32,8
"아프리카","소계","소계",음반·비디오·악기,소계,면세점,-,-,-,-,-,-,-,-,-,-,-,-,0,0,0,0,0
"아프리카","소계","소계",음반·비디오·악기,소계,면세점 이외,-,-,-,-,-,-,-,-,-,-,-,-,18,18,19,32,8
"아프리카","소계","소계",의류 및 패션 관련 상품,소계,계,-,-,-,-,-,-,-,-,-,-,-,-,1,0,0,2,2
"아프리카","소계","소계",의류 및 패션 관련 상품,소계,면세점,-,-,-,-,-,-,-,-,-,-,-,-,0,0,0,0,0
"아프리카","소계","소계",의류 및 패션 관련 상품,소계,면세점 이외,-,-,-,-,-,-,-,-,-,-,-,-,1,0,0,2,2
"아프리카","소계","소계",스포츠·레저용품,소계,계,-,-,-,-,-,-,-,-,-,-,-,-,2,0,1,1,0
"아프리카","소계","소계",스포츠·레저용품,소계,면세점,-,-,-,-,-,-,-,-,-,-,-,-,0,0,0,0,0
"아프리카","소계","소계",스포츠·레저용품,소계,면세점 이외,-,-,-,-,-,-,-,-,-,-,-,-,2,0,1,1,0
"아프리카","소계","소계",화장품,소계,계,-,-,-,-,-,-,-,-,-,-,-,-,9,30,32,81,58
"아프리카","소계","소계",화장품,소계,면세점,-,-,-,-,-,-,-,-,-,-,-,-,0,0,0,0,0
"아프리카","소계","소계",화장품,소계,면세점 이외,-,-,-,-,-,-,-,-,-,-,-,-,9,30,32,81,58
"아프리카","소계","소계",아동·유아용품,소계,계,-,-,-,-,-,-,-,-,-,-,-,-,0,0,0,0,0
"아프리카","소계","소계",아동·유아용품,소계,면세점,-,-,-,-,-,-,-,-,-,-,-,-,0,0,0,0,0
"아프리카","소계","소계",아동·유아용품,소계,면세점 이외,-,-,-,-,-,-,-,-,-,-,-,-,0,0,0,0,0
"아프리카","소계","소계",음·식료품,소계,계,-,-,-,-,-,-,-,-,-,-,-,-,0,0,0,0,0
"아프리카","소계","소계",음·식료품,소계,면세점,-,-,-,-,-,-,-,-,-,-,-,-,0,0,0,0,0
"아프리카","소계","소계",음·식료품,소계,면세점 이외,-,-,-,-,-,-,-,-,-,-,-,-,0,0,0,0,0
"아프리카","소계","소계",농축수산물,소계,계,-,-,-,-,-,-,-,-,-,-,-,-,0,0,0,0,0
"아프리카","소계","소계",농축수산물,소계,면세점,-,-,-,-,-,-,-,-,-,-,-,-,0,0,0,0,0
"아프리카","소계","소계",농축수산물,소계,면세점 이외,-,-,-,-,-,-,-,-,-,-,-,-,0,0,0,0,0
"아프리카","소계","소계",생활·자동차용품,소계,계,-,-,-,-,-,-,-,-,-,-,-,-,0,0,0,1,1
"아프리카","소계","소계",생활·자동차용품,소계,면세점,-,-,-,-,-,-,-,-,-,-,-,-,0,0,0,0,0
"아프리카","소계","소계",생활·자동차용품,소계,면세점 이외,-,-,-,-,-,-,-,-,-,-,-,-,0,0,0,1,1
"아프리카","소계","소계",기 타,소계,계,-,-,-,-,-,-,-,-,-,-,-,-,0,0,1,0,0
"아프리카","소계","소계",기 타,소계,면세점,-,-,-,-,-,-,-,-,-,-,-,-,0,0,0,0,0
"아프리카","소계","소계",기 타,소계,면세점 이외,-,-,-,-,-,-,-,-,-,-,-,-,0,0,1,0,0
"기타","소계","소계",합계,소계,계,33260,18658,15906,16368,20315,23960,17449,15579,12780,10662,3980,3910,-,-,-,-,-
"기타","소계","소계",합계,소계,면세점,15384,10042,6661,7667,6470,6124,3505,3089,1131,3092,105,75,-,-,-,-,-
"기타","소계","소계",합계,소계,면세점 이외,17876,8616,9245,8701,13845,17836,13944,12490,11649,7570,3875,3835,-,-,-,-,-
"기타","소계","소계",컴퓨터 및 주변기기,소계,계,1689,1370,1213,1494,1551,1612,1491,1597,1645,1879,836,230,-,-,-,-,-
"기타","소계","소계",컴퓨터 및 주변기기,소계,면세점,113,0,0,0,0,0,0,0,0,0,0,0,-,-,-,-,-
"기타","소계","소계",컴퓨터 및 주변기기,소계,면세점 이외,1576,1370,1213,1494,1551,1612,1491,1597,1645,1879,836,230,-,-,-,-,-
"기타","소계","소계",가전·전자·통신기기,소계,계,914,1959,621,344,268,210,292,179,117,118,127,127,-,-,-,-,-
"기타","소계","소계",가전·전자·통신기기,소계,면세점,525,1593,2,2,1,0,1,8,0,0,1,0,-,-,-,-,-
"기타","소계","소계",가전·전자·통신기기,소계,면세점 이외,389,366,619,342,267,210,291,171,117,118,126,127,-,-,-,-,-
"기타","소계","소계",가전·전자·통신기기,가전·전자,계,-,-,-,-,-,-,-,-,-,-,-,-,-,-,-,-,-
"기타","소계","소계",가전·전자·통신기기,가전·전자,면세점,-,-,-,-,-,-,-,-,-,-,-,-,-,-,-,-,-
"기타","소계","소계",가전·전자·통신기기,가전·전자,면세점 이외,-,-,-,-,-,-,-,-,-,-,-,-,-,-,-,-,-
"기타","소계","소계",가전·전자·통신기기,통신기기,계,-,-,-,-,-,-,-,-,-,-,-,-,-,-,-,-,-
"기타","소계","소계",가전·전자·통신기기,통신기기,면세점,-,-,-,-,-,-,-,-,-,-,-,-,-,-,-,-,-
"기타","소계","소계",가전·전자·통신기기,통신기기,면세점 이외,-,-,-,-,-,-,-,-,-,-,-,-,-,-,-,-,-
"기타","소계","소계",소프트웨어,소계,계,8,4,3,6,6,6,4,1,0,0,0,0,-,-,-,-,-
"기타","소계","소계",소프트웨어,소계,면세점,0,0,0,0,0,0,0,0,0,0,0,0,-,-,-,-,-
"기타","소계","소계",소프트웨어,소계,면세점 이외,8,4,3,6,6,6,4,1,0,0,0,0,-,-,-,-,-
"기타","소계","소계",서 적,소계,계,1362,1351,868,982,2530,1585,1747,731,634,268,127,95,-,-,-,-,-
"기타","소계","소계",서 적,소계,면세점,0,0,0,0,0,0,0,0,0,0,0,0,-,-,-,-,-
"기타","소계","소계",서 적,소계,면세점 이외,1362,1351,868,982,2530,1585,1747,731,634,268,127,95,-,-,-,-,-
"기타","소계","소계",사무·문구,소계,계,45,78,32,32,18,28,61,43,48,38,21,26,-,-,-,-,-
"기타","소계","소계",사무·문구,소계,면세점,0,0,0,0,0,0,0,0,0,0,0,0,-,-,-,-,-
"기타","소계","소계",사무·문구,소계,면세점 이외,45,78,32,32,18,28,61,43,48,38,21,26,-,-,-,-,-
"기타","소계","소계",음반·비디오·악기,소계,계,354,275,299,482,3837,8110,4477,3190,1603,1191,340,592,-,-,-,-,-
"기타","소계","소계",음반·비디오·악기,소계,면세점,0,0,0,0,0,0,0,0,0,0,0,0,-,-,-,-,-
"기타","소계","소계",음반·비디오·악기,소계,면세점 이외,354,275,299,482,3837,8110,4477,3190,1603,1191,340,592,-,-,-,-,-
"기타","소계","소계",의류 및 패션 관련 상품,소계,계,1215,1889,1780,2923,1756,2475,2150,2083,2104,1511,985,1083,-,-,-,-,-
"기타","소계","소계",의류 및 패션 관련 상품,소계,면세점,38,18,3,1247,1,0,75,79,116,289,24,15,-,-,-,-,-
"기타","소계","소계",의류 및 패션 관련 상품,소계,면세점 이외,1177,1871,1777,1676,1755,2475,2075,2004,1988,1222,961,1068,-,-,-,-,-
"기타","소계","소계",스포츠·레저용품,소계,계,103,143,218,291,269,127,126,234,182,84,68,174,-,-,-,-,-
"기타","소계","소계",스포츠·레저용품,소계,면세점,0,0,0,0,0,0,0,0,0,0,0,0,-,-,-,-,-
"기타","소계","소계",스포츠·레저용품,소계,면세점 이외,103,143,218,291,269,127,126,234,182,84,68,174,-,-,-,-,-
"기타","소계","소계",화장품,소계,계,24692,10135,9015,7868,7795,7480,4586,4533,2418,3488,545,750,-,-,-,-,-
"기타","소계","소계",화장품,소계,면세점,14670,8426,6641,6401,6451,6118,3425,2990,996,2793,67,41,-,-,-,-,-
"기타","소계","소계",화장품,소계,면세점 이외,10022,1709,2374,1467,1344,1362,1161,1543,1422,695,478,709,-,-,-,-,-
"기타","소계","소계",아동·유아용품,소계,계,147,285,627,589,1016,690,932,777,1224,1050,505,504,-,-,-,-,-
"기타","소계","소계",아동·유아용품,소계,면세점,2,0,0,0,0,0,0,0,0,1,0,0,-,-,-,-,-
"기타","소계","소계",아동·유아용품,소계,면세점 이외,145,285,627,589,1016,690,932,777,1224,1049,505,504,-,-,-,-,-
"기타","소계","소계",음·식료품,소계,계,1406,122,49,92,88,90,73,46,179,18,22,31,-,-,-,-,-
"기타","소계","소계",음·식료품,소계,면세점,36,5,15,17,17,6,4,12,19,9,13,19,-,-,-,-,-
"기타","소계","소계",음·식료품,소계,면세점 이외,1370,117,34,75,71,84,69,34,160,9,9,12,-,-,-,-,-
"기타","소계","소계",농축수산물,소계,계,2,3,1,3,1,0,0,0,10,0,0,0,-,-,-,-,-
"기타","소계","소계",농축수산물,소계,면세점,0,0,0,0,0,0,0,0,0,0,0,0,-,-,-,-,-
"기타","소계","소계",농축수산물,소계,면세점 이외,2,3,1,3,1,0,0,0,10,0,0,0,-,-,-,-,-
"기타","소계","소계",생활·자동차용품,소계,계,384,334,354,392,348,304,386,1093,276,180,89,65,-,-,-,-,-
"기타","소계","소계",생활·자동차용품,소계,면세점,0,0,0,0,0,0,0,0,0,0,0,0,-,-,-,-,-
"기타","소계","소계",생활·자동차용품,소계,면세점 이외,384,334,354,392,348,304,386,1093,276,180,89,65,-,-,-,-,-
"기타","소계","소계",기 타,소계,계,939,710,826,870,833,1241,1121,1072,2341,837,312,236,-,-,-,-,-
"기타","소계","소계",기 타,소계,면세점,0,0,0,0,0,0,0,0,0,0,0,0,-,-,-,-,-
"기타","소계","소계",기 타,소계,면세점 이외,939,710,826,870,833,1241,1121,1072,2341,837,312,236,-,-,-,-,-
